,Wojewodztwo,Rynek,Metraz,Rok,Liczba.Sprzedanych.M,Mediana.m2,Srednia.Cena.M,Srednia.Cena.m2
1,DOLNOŚLĄSKIE,ogółem,ogółem,2015,18523,4255,226067,4136
2,DOLNOŚLĄSKIE,ogółem,ogółem,2016,21828,4373,234486,4268
3,DOLNOŚLĄSKIE,ogółem,ogółem,2017,23240,4342,233603,4258
4,DOLNOŚLĄSKIE,ogółem,ogółem,2018,24834,4522,248842,4461
5,DOLNOŚLĄSKIE,ogółem,do 40 m2,2015,4068,4021,135722,4119
6,DOLNOŚLĄSKIE,ogółem,do 40 m2,2016,4792,4378,142311,4326
7,DOLNOŚLĄSKIE,ogółem,do 40 m2,2017,5404,4545,148265,4517
8,DOLNOŚLĄSKIE,ogółem,do 40 m2,2018,5422,4358,153758,4666
9,DOLNOŚLĄSKIE,ogółem,"od 40,1 do 60 m2",2015,8771,4571,212747,4279
10,DOLNOŚLĄSKIE,ogółem,"od 40,1 do 60 m2",2016,10015,4667,218759,4407
11,DOLNOŚLĄSKIE,ogółem,"od 40,1 do 60 m2",2017,10476,4552,218727,4389
12,DOLNOŚLĄSKIE,ogółem,"od 40,1 do 60 m2",2018,10930,4825,230803,4616
13,DOLNOŚLĄSKIE,ogółem,"od 60,1 do 80 m2",2015,4034,4154,276588,4097
14,DOLNOŚLĄSKIE,ogółem,"od 60,1 do 80 m2",2016,4984,4221,282679,4177
15,DOLNOŚLĄSKIE,ogółem,"od 60,1 do 80 m2",2017,5147,4205,285824,4222
16,DOLNOŚLĄSKIE,ogółem,"od 60,1 do 80 m2",2018,5965,4459,297913,4403
17,DOLNOŚLĄSKIE,ogółem,"od 80,1 m2",2015,1650,3447,396097,3847
18,DOLNOŚLĄSKIE,ogółem,"od 80,1 m2",2016,2037,3786,410735,4040
19,DOLNOŚLĄSKIE,ogółem,"od 80,1 m2",2017,2213,3670,390956,3810
20,DOLNOŚLĄSKIE,ogółem,"od 80,1 m2",2018,2517,3939,415711,4078
21,DOLNOŚLĄSKIE,rynek pierwotny,ogółem,2015,6740,5241,300524,5399
22,DOLNOŚLĄSKIE,rynek pierwotny,ogółem,2016,8596,5310,304406,5434
23,DOLNOŚLĄSKIE,rynek pierwotny,ogółem,2017,8435,5555,307255,5515
24,DOLNOŚLĄSKIE,rynek pierwotny,ogółem,2018,9408,5485,319205,5538
25,DOLNOŚLĄSKIE,rynek pierwotny,do 40 m2,2015,1133,5643,191263,5606
26,DOLNOŚLĄSKIE,rynek pierwotny,do 40 m2,2016,1567,5797,201863,5918
27,DOLNOŚLĄSKIE,rynek pierwotny,do 40 m2,2017,1681,6144,206506,6154
28,DOLNOŚLĄSKIE,rynek pierwotny,do 40 m2,2018,1542,6206,218709,6430
29,DOLNOŚLĄSKIE,rynek pierwotny,"od 40,1 do 60 m2",2015,3504,5253,270424,5412
30,DOLNOŚLĄSKIE,rynek pierwotny,"od 40,1 do 60 m2",2016,4154,5419,274677,5527
31,DOLNOŚLĄSKIE,rynek pierwotny,"od 40,1 do 60 m2",2017,4072,5476,277588,5531
32,DOLNOŚLĄSKIE,rynek pierwotny,"od 40,1 do 60 m2",2018,4346,5533,285579,5664
33,DOLNOŚLĄSKIE,rynek pierwotny,"od 60,1 do 80 m2",2015,1539,5041,351712,5229
34,DOLNOŚLĄSKIE,rynek pierwotny,"od 60,1 do 80 m2",2016,2092,5181,352120,5209
35,DOLNOŚLĄSKIE,rynek pierwotny,"od 60,1 do 80 m2",2017,1897,5341,367923,5441
36,DOLNOŚLĄSKIE,rynek pierwotny,"od 60,1 do 80 m2",2018,2551,5302,356523,5296
37,DOLNOŚLĄSKIE,rynek pierwotny,"od 80,1 m2",2015,564,4831,567341,5527
38,DOLNOŚLĄSKIE,rynek pierwotny,"od 80,1 m2",2016,783,4629,539863,5268
39,DOLNOŚLĄSKIE,rynek pierwotny,"od 80,1 m2",2017,785,4866,530283,5144
40,DOLNOŚLĄSKIE,rynek pierwotny,"od 80,1 m2",2018,969,4813,531701,5206
41,DOLNOŚLĄSKIE,rynek wtórny,ogółem,2015,11783,3150,183477,3393
42,DOLNOŚLĄSKIE,rynek wtórny,ogółem,2016,13232,3190,189064,3486
43,DOLNOŚLĄSKIE,rynek wtórny,ogółem,2017,14805,3217,191640,3524
44,DOLNOŚLĄSKIE,rynek wtórny,ogółem,2018,15426,3377,205929,3768
45,DOLNOŚLĄSKIE,rynek wtórny,do 40 m2,2015,2935,3065,114282,3516
46,DOLNOŚLĄSKIE,rynek wtórny,do 40 m2,2016,3225,3000,113375,3509
47,DOLNOŚLĄSKIE,rynek wtórny,do 40 m2,2017,3723,3170,121969,3754
48,DOLNOŚLĄSKIE,rynek wtórny,do 40 m2,2018,3880,3333,127946,3933
49,DOLNOŚLĄSKIE,rynek wtórny,"od 40,1 do 60 m2",2015,5267,3249,174376,3519
50,DOLNOŚLĄSKIE,rynek wtórny,"od 40,1 do 60 m2",2016,5861,3304,179128,3612
51,DOLNOŚLĄSKIE,rynek wtórny,"od 40,1 do 60 m2",2017,6404,3265,181300,3654
52,DOLNOŚLĄSKIE,rynek wtórny,"od 40,1 do 60 m2",2018,6584,3446,194646,3915
53,DOLNOŚLĄSKIE,rynek wtórny,"od 60,1 do 80 m2",2015,2495,3226,230250,3403
54,DOLNOŚLĄSKIE,rynek wtórny,"od 60,1 do 80 m2",2016,2892,3197,232446,3433
55,DOLNOŚLĄSKIE,rynek wtórny,"od 60,1 do 80 m2",2017,3250,3259,237903,3512
56,DOLNOŚLĄSKIE,rynek wtórny,"od 60,1 do 80 m2",2018,3414,3479,254118,3741
57,DOLNOŚLĄSKIE,rynek wtórny,"od 80,1 m2",2015,1086,2811,307164,2979
58,DOLNOŚLĄSKIE,rynek wtórny,"od 80,1 m2",2016,1254,3050,330108,3263
59,DOLNOŚLĄSKIE,rynek wtórny,"od 80,1 m2",2017,1428,2844,314365,3072
60,DOLNOŚLĄSKIE,rynek wtórny,"od 80,1 m2",2018,1548,3009,343105,3370
61,KUJAWSKO-POMORSKIE,ogółem,ogółem,2015,6616,3161,164981,3217
62,KUJAWSKO-POMORSKIE,ogółem,ogółem,2016,6491,3292,172448,3321
63,KUJAWSKO-POMORSKIE,ogółem,ogółem,2017,8479,3557,183401,3572
64,KUJAWSKO-POMORSKIE,ogółem,ogółem,2018,9493,3848,198569,3866
65,KUJAWSKO-POMORSKIE,ogółem,do 40 m2,2015,1793,3147,106140,3154
66,KUJAWSKO-POMORSKIE,ogółem,do 40 m2,2016,1712,3333,110619,3339
67,KUJAWSKO-POMORSKIE,ogółem,do 40 m2,2017,2329,3627,120745,3644
68,KUJAWSKO-POMORSKIE,ogółem,do 40 m2,2018,2644,3828,127449,3883
69,KUJAWSKO-POMORSKIE,ogółem,"od 40,1 do 60 m2",2015,3133,3184,160547,3235
70,KUJAWSKO-POMORSKIE,ogółem,"od 40,1 do 60 m2",2016,3073,3313,166762,3372
71,KUJAWSKO-POMORSKIE,ogółem,"od 40,1 do 60 m2",2017,4013,3561,177543,3574
72,KUJAWSKO-POMORSKIE,ogółem,"od 40,1 do 60 m2",2018,4372,3907,191078,3864
73,KUJAWSKO-POMORSKIE,ogółem,"od 60,1 do 80 m2",2015,1352,3095,215392,3223
74,KUJAWSKO-POMORSKIE,ogółem,"od 60,1 do 80 m2",2016,1288,3217,222105,3309
75,KUJAWSKO-POMORSKIE,ogółem,"od 60,1 do 80 m2",2017,1635,3502,237509,3562
76,KUJAWSKO-POMORSKIE,ogółem,"od 60,1 do 80 m2",2018,1888,3796,261094,3888
77,KUJAWSKO-POMORSKIE,ogółem,"od 80,1 m2",2015,338,3294,316573,3229
78,KUJAWSKO-POMORSKIE,ogółem,"od 80,1 m2",2016,418,3050,314466,3135
79,KUJAWSKO-POMORSKIE,ogółem,"od 80,1 m2",2017,502,3269,344683,3475
80,KUJAWSKO-POMORSKIE,ogółem,"od 80,1 m2",2018,589,3667,373018,3797
81,KUJAWSKO-POMORSKIE,rynek pierwotny,ogółem,2015,1694,4002,218176,4036
82,KUJAWSKO-POMORSKIE,rynek pierwotny,ogółem,2016,1384,4499,238692,4380
83,KUJAWSKO-POMORSKIE,rynek pierwotny,ogółem,2017,2190,4443,237135,4393
84,KUJAWSKO-POMORSKIE,rynek pierwotny,ogółem,2018,2835,4605,245528,4565
85,KUJAWSKO-POMORSKIE,rynek pierwotny,do 40 m2,2015,355,3960,138809,3923
86,KUJAWSKO-POMORSKIE,rynek pierwotny,do 40 m2,2016,285,4574,150677,4422
87,KUJAWSKO-POMORSKIE,rynek pierwotny,do 40 m2,2017,495,4481,153736,4466
88,KUJAWSKO-POMORSKIE,rynek pierwotny,do 40 m2,2018,633,4543,153261,4582
89,KUJAWSKO-POMORSKIE,rynek pierwotny,"od 40,1 do 60 m2",2015,840,3962,195448,3921
90,KUJAWSKO-POMORSKIE,rynek pierwotny,"od 40,1 do 60 m2",2016,671,4415,211940,4263
91,KUJAWSKO-POMORSKIE,rynek pierwotny,"od 40,1 do 60 m2",2017,1055,4339,214511,4275
92,KUJAWSKO-POMORSKIE,rynek pierwotny,"od 40,1 do 60 m2",2018,1320,4594,219849,4450
93,KUJAWSKO-POMORSKIE,rynek pierwotny,"od 60,1 do 80 m2",2015,382,4192,276864,4106
94,KUJAWSKO-POMORSKIE,rynek pierwotny,"od 60,1 do 80 m2",2016,323,4504,303874,4456
95,KUJAWSKO-POMORSKIE,rynek pierwotny,"od 60,1 do 80 m2",2017,465,4556,297225,4413
96,KUJAWSKO-POMORSKIE,rynek pierwotny,"od 60,1 do 80 m2",2018,663,4647,311509,4576
97,KUJAWSKO-POMORSKIE,rynek pierwotny,"od 80,1 m2",2015,117,4259,430546,4429
98,KUJAWSKO-POMORSKIE,rynek pierwotny,"od 80,1 m2",2016,105,4775,448042,4560
99,KUJAWSKO-POMORSKIE,rynek pierwotny,"od 80,1 m2",2017,175,4497,449748,4651
100,KUJAWSKO-POMORSKIE,rynek pierwotny,"od 80,1 m2",2018,219,4999,467240,4880
101,KUJAWSKO-POMORSKIE,rynek wtórny,ogółem,2015,4922,2932,146673,2914
102,KUJAWSKO-POMORSKIE,rynek wtórny,ogółem,2016,5107,3040,154496,3016
103,KUJAWSKO-POMORSKIE,rynek wtórny,ogółem,2017,6289,3297,164689,3266
104,KUJAWSKO-POMORSKIE,rynek wtórny,ogółem,2018,6658,3570,178575,3548
105,KUJAWSKO-POMORSKIE,rynek wtórny,do 40 m2,2015,1438,2935,98075,2952
106,KUJAWSKO-POMORSKIE,rynek wtórny,do 40 m2,2016,1427,3111,102619,3115
107,KUJAWSKO-POMORSKIE,rynek wtórny,do 40 m2,2017,1834,3393,111841,3411
108,KUJAWSKO-POMORSKIE,rynek wtórny,do 40 m2,2018,2011,3636,119324,3657
109,KUJAWSKO-POMORSKIE,rynek wtórny,"od 40,1 do 60 m2",2015,2293,3002,147762,2982
110,KUJAWSKO-POMORSKIE,rynek wtórny,"od 40,1 do 60 m2",2016,2402,3127,154142,3122
111,KUJAWSKO-POMORSKIE,rynek wtórny,"od 40,1 do 60 m2",2017,2958,3363,164358,3321
112,KUJAWSKO-POMORSKIE,rynek wtórny,"od 40,1 do 60 m2",2018,3052,3656,178634,3611
113,KUJAWSKO-POMORSKIE,rynek wtórny,"od 60,1 do 80 m2",2015,970,2830,191183,2871
114,KUJAWSKO-POMORSKIE,rynek wtórny,"od 60,1 do 80 m2",2016,965,2874,194736,2917
115,KUJAWSKO-POMORSKIE,rynek wtórny,"od 60,1 do 80 m2",2017,1170,3149,213776,3219
116,KUJAWSKO-POMORSKIE,rynek wtórny,"od 60,1 do 80 m2",2018,1225,3408,233809,3507
117,KUJAWSKO-POMORSKIE,rynek wtórny,"od 80,1 m2",2015,221,2586,256234,2602
118,KUJAWSKO-POMORSKIE,rynek wtórny,"od 80,1 m2",2016,313,2424,269657,2670
119,KUJAWSKO-POMORSKIE,rynek wtórny,"od 80,1 m2",2017,327,2751,288455,2869
120,KUJAWSKO-POMORSKIE,rynek wtórny,"od 80,1 m2",2018,370,2968,317249,3181
121,LUBELSKIE,ogółem,ogółem,2015,4441,4025,209517,3975
122,LUBELSKIE,ogółem,ogółem,2016,4996,4376,221283,4179
123,LUBELSKIE,ogółem,ogółem,2017,5903,4351,220761,4241
124,LUBELSKIE,ogółem,ogółem,2018,7110,4756,241103,4562
125,LUBELSKIE,ogółem,do 40 m2,2015,1022,3780,125620,3794
126,LUBELSKIE,ogółem,do 40 m2,2016,1135,4191,135697,4041
127,LUBELSKIE,ogółem,do 40 m2,2017,1431,4184,136524,4111
128,LUBELSKIE,ogółem,do 40 m2,2018,1604,4677,152571,4528
129,LUBELSKIE,ogółem,"od 40,1 do 60 m2",2015,2206,4135,200501,3996
130,LUBELSKIE,ogółem,"od 40,1 do 60 m2",2016,2459,4429,209017,4162
131,LUBELSKIE,ogółem,"od 40,1 do 60 m2",2017,2884,4461,215282,4295
132,LUBELSKIE,ogółem,"od 40,1 do 60 m2",2018,3389,4764,228243,4548
133,LUBELSKIE,ogółem,"od 60,1 do 80 m2",2015,970,3997,262491,3911
134,LUBELSKIE,ogółem,"od 60,1 do 80 m2",2016,1161,4412,280479,4193
135,LUBELSKIE,ogółem,"od 60,1 do 80 m2",2017,1292,4302,280170,4201
136,LUBELSKIE,ogółem,"od 60,1 do 80 m2",2018,1765,4767,305040,4578
137,LUBELSKIE,ogółem,"od 80,1 m2",2015,243,4384,432753,4304
138,LUBELSKIE,ogółem,"od 80,1 m2",2016,241,4433,464322,4424
139,LUBELSKIE,ogółem,"od 80,1 m2",2017,296,4305,422063,4304
140,LUBELSKIE,ogółem,"od 80,1 m2",2018,352,4766,447750,4634
141,LUBELSKIE,rynek pierwotny,ogółem,2015,1653,4685,257986,4616
142,LUBELSKIE,rynek pierwotny,ogółem,2016,2077,4934,272097,4904
143,LUBELSKIE,rynek pierwotny,ogółem,2017,2438,5041,266373,4966
144,LUBELSKIE,rynek pierwotny,ogółem,2018,3385,5104,281073,5072
145,LUBELSKIE,rynek pierwotny,do 40 m2,2015,242,4843,157555,4606
146,LUBELSKIE,rynek pierwotny,do 40 m2,2016,335,5014,172094,5023
147,LUBELSKIE,rynek pierwotny,do 40 m2,2017,502,4805,160978,4872
148,LUBELSKIE,rynek pierwotny,do 40 m2,2018,557,5201,180997,5250
149,LUBELSKIE,rynek pierwotny,"od 40,1 do 60 m2",2015,885,4647,232454,4624
150,LUBELSKIE,rynek pierwotny,"od 40,1 do 60 m2",2016,1074,4895,243371,4842
151,LUBELSKIE,rynek pierwotny,"od 40,1 do 60 m2",2017,1190,5176,255497,5082
152,LUBELSKIE,rynek pierwotny,"od 40,1 do 60 m2",2018,1613,5072,254457,5042
153,LUBELSKIE,rynek pierwotny,"od 60,1 do 80 m2",2015,406,4661,304520,4507
154,LUBELSKIE,rynek pierwotny,"od 60,1 do 80 m2",2016,545,5031,324883,4870
155,LUBELSKIE,rynek pierwotny,"od 60,1 do 80 m2",2017,607,4850,317040,4768
156,LUBELSKIE,rynek pierwotny,"od 60,1 do 80 m2",2018,1004,5106,337185,5063
157,LUBELSKIE,rynek pierwotny,"od 80,1 m2",2015,120,4836,491383,4839
158,LUBELSKIE,rynek pierwotny,"od 80,1 m2",2016,123,4972,561405,5148
159,LUBELSKIE,rynek pierwotny,"od 80,1 m2",2017,139,5117,518861,5157
160,LUBELSKIE,rynek pierwotny,"od 80,1 m2",2018,211,5186,481732,5055
161,LUBELSKIE,rynek wtórny,ogółem,2015,2788,3448,180779,3557
162,LUBELSKIE,rynek wtórny,ogółem,2016,2919,3498,185126,3619
163,LUBELSKIE,rynek wtórny,ogółem,2017,3465,3589,188667,3704
164,LUBELSKIE,rynek wtórny,ogółem,2018,3725,3979,204781,4054
165,LUBELSKIE,rynek wtórny,do 40 m2,2015,780,3397,115712,3531
166,LUBELSKIE,rynek wtórny,do 40 m2,2016,800,3532,120456,3618
167,LUBELSKIE,rynek wtórny,do 40 m2,2017,929,3502,123309,3703
168,LUBELSKIE,rynek wtórny,do 40 m2,2018,1047,3944,137449,4130
169,LUBELSKIE,rynek wtórny,"od 40,1 do 60 m2",2015,1321,3462,179094,3574
170,LUBELSKIE,rynek wtórny,"od 40,1 do 60 m2",2016,1385,3511,182378,3635
171,LUBELSKIE,rynek wtórny,"od 40,1 do 60 m2",2017,1694,3601,187032,3739
172,LUBELSKIE,rynek wtórny,"od 40,1 do 60 m2",2018,1776,4010,204435,4094
173,LUBELSKIE,rynek wtórny,"od 60,1 do 80 m2",2015,564,3380,232236,3477
174,LUBELSKIE,rynek wtórny,"od 60,1 do 80 m2",2016,616,3485,241192,3597
175,LUBELSKIE,rynek wtórny,"od 60,1 do 80 m2",2017,685,3594,247499,3702
176,LUBELSKIE,rynek wtórny,"od 60,1 do 80 m2",2018,761,3907,262630,3940
177,LUBELSKIE,rynek wtórny,"od 80,1 m2",2015,123,3796,375553,3772
178,LUBELSKIE,rynek wtórny,"od 80,1 m2",2016,118,3419,363125,3607
179,LUBELSKIE,rynek wtórny,"od 80,1 m2",2017,157,3676,336362,3512
180,LUBELSKIE,rynek wtórny,"od 80,1 m2",2018,141,4082,396897,4025
181,LUBUSKIE,ogółem,ogółem,2015,3936,2655,135975,2603
182,LUBUSKIE,ogółem,ogółem,2016,4876,2855,143441,2728
183,LUBUSKIE,ogółem,ogółem,2017,5216,2901,146979,2805
184,LUBUSKIE,ogółem,ogółem,2018,6704,3282,168124,3141
185,LUBUSKIE,ogółem,do 40 m2,2015,1009,2572,85179,2593
186,LUBUSKIE,ogółem,do 40 m2,2016,1229,2807,89337,2717
187,LUBUSKIE,ogółem,do 40 m2,2017,1293,2866,92141,2810
188,LUBUSKIE,ogółem,do 40 m2,2018,1586,3195,104130,3131
189,LUBUSKIE,ogółem,"od 40,1 do 60 m2",2015,1843,2760,134477,2689
190,LUBUSKIE,ogółem,"od 40,1 do 60 m2",2016,2261,2947,140116,2804
191,LUBUSKIE,ogółem,"od 40,1 do 60 m2",2017,2457,2947,142627,2856
192,LUBUSKIE,ogółem,"od 40,1 do 60 m2",2018,3063,3258,157627,3157
193,LUBUSKIE,ogółem,"od 60,1 do 80 m2",2015,849,2636,178313,2640
194,LUBUSKIE,ogółem,"od 60,1 do 80 m2",2016,1062,2878,187506,2780
195,LUBUSKIE,ogółem,"od 60,1 do 80 m2",2017,1136,2926,194647,2884
196,LUBUSKIE,ogółem,"od 60,1 do 80 m2",2018,1603,3466,218807,3246
197,LUBUSKIE,ogółem,"od 80,1 m2",2015,235,2128,212867,2183
198,LUBUSKIE,ogółem,"od 80,1 m2",2016,324,2348,227432,2348
199,LUBUSKIE,ogółem,"od 80,1 m2",2017,330,2332,230156,2411
200,LUBUSKIE,ogółem,"od 80,1 m2",2018,452,2919,284050,2851
201,LUBUSKIE,rynek pierwotny,ogółem,2015,906,3288,175616,3296
202,LUBUSKIE,rynek pierwotny,ogółem,2016,1209,3452,174628,3399
203,LUBUSKIE,rynek pierwotny,ogółem,2017,936,3501,180559,3531
204,LUBUSKIE,rynek pierwotny,ogółem,2018,2231,3800,210664,3812
205,LUBUSKIE,rynek pierwotny,do 40 m2,2015,175,3354,116875,3404
206,LUBUSKIE,rynek pierwotny,do 40 m2,2016,322,3437,113335,3404
207,LUBUSKIE,rynek pierwotny,do 40 m2,2017,261,3568,122356,3567
208,LUBUSKIE,rynek pierwotny,do 40 m2,2018,413,3803,134259,3847
209,LUBUSKIE,rynek pierwotny,"od 40,1 do 60 m2",2015,451,3288,165358,3332
210,LUBUSKIE,rynek pierwotny,"od 40,1 do 60 m2",2016,560,3449,171611,3407
211,LUBUSKIE,rynek pierwotny,"od 40,1 do 60 m2",2017,430,3480,177012,3522
212,LUBUSKIE,rynek pierwotny,"od 40,1 do 60 m2",2018,1014,3798,189107,3822
213,LUBUSKIE,rynek pierwotny,"od 60,1 do 80 m2",2015,240,3271,220318,3269
214,LUBUSKIE,rynek pierwotny,"od 60,1 do 80 m2",2016,281,3495,230630,3447
215,LUBUSKIE,rynek pierwotny,"od 60,1 do 80 m2",2017,208,3537,242132,3605
216,LUBUSKIE,rynek pierwotny,"od 60,1 do 80 m2",2018,670,3851,262406,3881
217,LUBUSKIE,rynek pierwotny,"od 80,1 m2",2015,40,2989,280064,3028
218,LUBUSKIE,rynek pierwotny,"od 80,1 m2",2016,46,3203,298316,3133
219,LUBUSKIE,rynek pierwotny,"od 80,1 m2",2017,37,3335,286205,3179
220,LUBUSKIE,rynek pierwotny,"od 80,1 m2",2018,134,3609,350573,3507
221,LUBUSKIE,rynek wtórny,ogółem,2015,3030,2396,124122,2391
222,LUBUSKIE,rynek wtórny,ogółem,2016,3667,2500,133158,2513
223,LUBUSKIE,rynek wtórny,ogółem,2017,4280,2646,139636,2651
224,LUBUSKIE,rynek wtórny,ogółem,2018,4473,2740,146906,2790
225,LUBUSKIE,rynek wtórny,do 40 m2,2015,834,2347,78528,2413
226,LUBUSKIE,rynek wtórny,do 40 m2,2016,907,2401,80818,2469
227,LUBUSKIE,rynek wtórny,do 40 m2,2017,1032,2579,84499,2607
228,LUBUSKIE,rynek wtórny,do 40 m2,2018,1173,2749,93523,2862
229,LUBUSKIE,rynek wtórny,"od 40,1 do 60 m2",2015,1392,2512,124472,2482
230,LUBUSKIE,rynek wtórny,"od 40,1 do 60 m2",2016,1701,2597,129747,2603
231,LUBUSKIE,rynek wtórny,"od 40,1 do 60 m2",2017,2027,2724,135332,2713
232,LUBUSKIE,rynek wtórny,"od 40,1 do 60 m2",2018,2049,2788,142049,2832
233,LUBUSKIE,rynek wtórny,"od 60,1 do 80 m2",2015,609,2326,161759,2393
234,LUBUSKIE,rynek wtórny,"od 60,1 do 80 m2",2016,781,2522,171990,2543
235,LUBUSKIE,rynek wtórny,"od 60,1 do 80 m2",2017,928,2650,184004,2723
236,LUBUSKIE,rynek wtórny,"od 60,1 do 80 m2",2018,933,2747,187498,2788
237,LUBUSKIE,rynek wtórny,"od 80,1 m2",2015,195,1887,199083,2021
238,LUBUSKIE,rynek wtórny,"od 80,1 m2",2016,278,2131,215703,2220
239,LUBUSKIE,rynek wtórny,"od 80,1 m2",2017,293,2183,223079,2321
240,LUBUSKIE,rynek wtórny,"od 80,1 m2",2018,318,2442,256019,2573
241,ŁÓDZKIE,ogółem,ogółem,2015,7207,3230,176892,3422
242,ŁÓDZKIE,ogółem,ogółem,2016,7861,3321,175731,3486
243,ŁÓDZKIE,ogółem,ogółem,2017,8236,3548,186899,3674
244,ŁÓDZKIE,ogółem,ogółem,2018,10255,4005,208999,4046
245,ŁÓDZKIE,ogółem,do 40 m2,2015,1970,3027,98649,3031
246,ŁÓDZKIE,ogółem,do 40 m2,2016,2371,3133,103207,3169
247,ŁÓDZKIE,ogółem,do 40 m2,2017,2415,3410,113273,3457
248,ŁÓDZKIE,ogółem,do 40 m2,2018,2991,3871,125346,3872
249,ŁÓDZKIE,ogółem,"od 40,1 do 60 m2",2015,3329,3218,166242,3369
250,ŁÓDZKIE,ogółem,"od 40,1 do 60 m2",2016,3585,3352,172167,3493
251,ŁÓDZKIE,ogółem,"od 40,1 do 60 m2",2017,3659,3511,178276,3621
252,ŁÓDZKIE,ogółem,"od 40,1 do 60 m2",2018,4467,3942,196983,3974
253,ŁÓDZKIE,ogółem,"od 60,1 do 80 m2",2015,1427,3676,245709,3654
254,ŁÓDZKIE,ogółem,"od 60,1 do 80 m2",2016,1463,3657,245994,3673
255,ŁÓDZKIE,ogółem,"od 60,1 do 80 m2",2017,1710,4045,261769,3897
256,ŁÓDZKIE,ogółem,"od 60,1 do 80 m2",2018,2112,4341,287805,4250
257,ŁÓDZKIE,ogółem,"od 80,1 m2",2015,481,3724,366896,3660
258,ŁÓDZKIE,ogółem,"od 80,1 m2",2016,442,3743,361102,3598
259,ŁÓDZKIE,ogółem,"od 80,1 m2",2017,452,3846,366841,3698
260,ŁÓDZKIE,ogółem,"od 80,1 m2",2018,685,4149,409647,4100
261,ŁÓDZKIE,rynek pierwotny,ogółem,2015,1955,4431,250286,4244
262,ŁÓDZKIE,rynek pierwotny,ogółem,2016,2058,4539,240705,4373
263,ŁÓDZKIE,rynek pierwotny,ogółem,2017,2240,4694,252242,4577
264,ŁÓDZKIE,rynek pierwotny,ogółem,2018,3338,4919,278006,4874
265,ŁÓDZKIE,rynek pierwotny,do 40 m2,2015,235,4280,132228,4070
266,ŁÓDZKIE,rynek pierwotny,do 40 m2,2016,356,4248,128986,4167
267,ŁÓDZKIE,rynek pierwotny,do 40 m2,2017,438,4605,138208,4522
268,ŁÓDZKIE,rynek pierwotny,do 40 m2,2018,661,4905,147212,4813
269,ŁÓDZKIE,rynek pierwotny,"od 40,1 do 60 m2",2015,927,4475,210333,4225
270,ŁÓDZKIE,rynek pierwotny,"od 40,1 do 60 m2",2016,1010,4648,220625,4454
271,ŁÓDZKIE,rynek pierwotny,"od 40,1 do 60 m2",2017,939,4701,225322,4591
272,ŁÓDZKIE,rynek pierwotny,"od 40,1 do 60 m2",2018,1294,4890,241608,4798
273,ŁÓDZKIE,rynek pierwotny,"od 60,1 do 80 m2",2015,560,4607,301231,4446
274,ŁÓDZKIE,rynek pierwotny,"od 60,1 do 80 m2",2016,514,4583,301249,4468
275,ŁÓDZKIE,rynek pierwotny,"od 60,1 do 80 m2",2017,679,4703,313298,4614
276,ŁÓDZKIE,rynek pierwotny,"od 60,1 do 80 m2",2018,1039,4967,340789,4960
277,ŁÓDZKIE,rynek pierwotny,"od 80,1 m2",2015,233,4108,405874,4013
278,ŁÓDZKIE,rynek pierwotny,"od 80,1 m2",2016,178,4126,403255,4085
279,ŁÓDZKIE,rynek pierwotny,"od 80,1 m2",2017,184,4431,435758,4488
280,ŁÓDZKIE,rynek pierwotny,"od 80,1 m2",2018,344,4946,476611,4876
281,ŁÓDZKIE,rynek wtórny,ogółem,2015,5252,2983,149572,3053
282,ŁÓDZKIE,rynek wtórny,ogółem,2016,5803,3086,152688,3131
283,ŁÓDZKIE,rynek wtórny,ogółem,2017,5996,3260,162489,3297
284,ŁÓDZKIE,rynek wtórny,ogółem,2018,6917,3588,175698,3582
285,ŁÓDZKIE,rynek wtórny,do 40 m2,2015,1735,2926,94100,2891
286,ŁÓDZKIE,rynek wtórny,do 40 m2,2016,2015,3073,98653,3003
287,ŁÓDZKIE,rynek wtórny,do 40 m2,2017,1977,3248,107749,3240
288,ŁÓDZKIE,rynek wtórny,do 40 m2,2018,2330,3643,119143,3623
289,ŁÓDZKIE,rynek wtórny,"od 40,1 do 60 m2",2015,2402,3015,149227,3034
290,ŁÓDZKIE,rynek wtórny,"od 40,1 do 60 m2",2016,2575,3093,153160,3113
291,ŁÓDZKIE,rynek wtórny,"od 40,1 do 60 m2",2017,2720,3272,162035,3287
292,ŁÓDZKIE,rynek wtórny,"od 40,1 do 60 m2",2018,3173,3633,178784,3631
293,ŁÓDZKIE,rynek wtórny,"od 60,1 do 80 m2",2015,867,2951,209847,3136
294,ŁÓDZKIE,rynek wtórny,"od 60,1 do 80 m2",2016,949,3115,216066,3238
295,ŁÓDZKIE,rynek wtórny,"od 60,1 do 80 m2",2017,1031,3300,227833,3417
296,ŁÓDZKIE,rynek wtórny,"od 60,1 do 80 m2",2018,1073,3386,236499,3542
297,ŁÓDZKIE,rynek wtórny,"od 80,1 m2",2015,248,3262,330276,3322
298,ŁÓDZKIE,rynek wtórny,"od 80,1 m2",2016,264,3081,332681,3279
299,ŁÓDZKIE,rynek wtórny,"od 80,1 m2",2017,268,3055,319525,3175
300,ŁÓDZKIE,rynek wtórny,"od 80,1 m2",2018,341,3164,342094,3350
301,MAŁOPOLSKIE,ogółem,ogółem,2015,13832,5716,301659,5893
302,MAŁOPOLSKIE,ogółem,ogółem,2016,14125,5732,301001,5787
303,MAŁOPOLSKIE,ogółem,ogółem,2017,13977,5776,297864,5799
304,MAŁOPOLSKIE,ogółem,ogółem,2018,15663,6022,307653,6000
305,MAŁOPOLSKIE,ogółem,do 40 m2,2015,4202,5862,196500,5966
306,MAŁOPOLSKIE,ogółem,do 40 m2,2016,4085,5975,195828,5965
307,MAŁOPOLSKIE,ogółem,do 40 m2,2017,3980,6089,198538,6067
308,MAŁOPOLSKIE,ogółem,do 40 m2,2018,4434,6457,214541,6590
309,MAŁOPOLSKIE,ogółem,"od 40,1 do 60 m2",2015,6320,5655,285662,5749
310,MAŁOPOLSKIE,ogółem,"od 40,1 do 60 m2",2016,6447,5680,281367,5661
311,MAŁOPOLSKIE,ogółem,"od 40,1 do 60 m2",2017,6652,5758,283501,5747
312,MAŁOPOLSKIE,ogółem,"od 40,1 do 60 m2",2018,7315,5987,293409,5953
313,MAŁOPOLSKIE,ogółem,"od 60,1 do 80 m2",2015,2417,5541,389353,5733
314,MAŁOPOLSKIE,ogółem,"od 60,1 do 80 m2",2016,2516,5565,379782,5627
315,MAŁOPOLSKIE,ogółem,"od 60,1 do 80 m2",2017,2375,5338,378480,5599
316,MAŁOPOLSKIE,ogółem,"od 60,1 do 80 m2",2018,2903,5352,377195,5613
317,MAŁOPOLSKIE,ogółem,"od 80,1 m2",2015,893,5984,672337,6559
318,MAŁOPOLSKIE,ogółem,"od 80,1 m2",2016,1077,5468,633401,6183
319,MAŁOPOLSKIE,ogółem,"od 80,1 m2",2017,970,5654,606527,5942
320,MAŁOPOLSKIE,ogółem,"od 80,1 m2",2018,1011,5670,619387,6070
321,MAŁOPOLSKIE,rynek pierwotny,ogółem,2015,7981,6163,339375,6595
322,MAŁOPOLSKIE,rynek pierwotny,ogółem,2016,8005,6152,335917,6404
323,MAŁOPOLSKIE,rynek pierwotny,ogółem,2017,7561,6082,323619,6278
324,MAŁOPOLSKIE,rynek pierwotny,ogółem,2018,9523,6277,325126,6400
325,MAŁOPOLSKIE,rynek pierwotny,do 40 m2,2015,2226,6269,219987,6593
326,MAŁOPOLSKIE,rynek pierwotny,do 40 m2,2016,2143,6477,219518,6624
327,MAŁOPOLSKIE,rynek pierwotny,do 40 m2,2017,1943,6290,215091,6480
328,MAŁOPOLSKIE,rynek pierwotny,do 40 m2,2018,2608,6646,230006,6993
329,MAŁOPOLSKIE,rynek pierwotny,"od 40,1 do 60 m2",2015,3864,6136,316379,6382
330,MAŁOPOLSKIE,rynek pierwotny,"od 40,1 do 60 m2",2016,3814,6049,311162,6233
331,MAŁOPOLSKIE,rynek pierwotny,"od 40,1 do 60 m2",2017,3874,6046,304683,6169
332,MAŁOPOLSKIE,rynek pierwotny,"od 40,1 do 60 m2",2018,4602,6232,312849,6356
333,MAŁOPOLSKIE,rynek pierwotny,"od 60,1 do 80 m2",2015,1407,5974,435839,6400
334,MAŁOPOLSKIE,rynek pierwotny,"od 60,1 do 80 m2",2016,1444,6069,424372,6301
335,MAŁOPOLSKIE,rynek pierwotny,"od 60,1 do 80 m2",2017,1258,5704,410426,6068
336,MAŁOPOLSKIE,rynek pierwotny,"od 60,1 do 80 m2",2018,1812,5695,401689,5988
337,MAŁOPOLSKIE,rynek pierwotny,"od 80,1 m2",2015,484,6490,791632,7806
338,MAŁOPOLSKIE,rynek pierwotny,"od 80,1 m2",2016,604,5968,693755,6843
339,MAŁOPOLSKIE,rynek pierwotny,"od 80,1 m2",2017,486,6341,683765,6804
340,MAŁOPOLSKIE,rynek pierwotny,"od 80,1 m2",2018,501,6088,656140,6587
341,MAŁOPOLSKIE,rynek wtórny,ogółem,2015,5851,4923,250211,4923
342,MAŁOPOLSKIE,rynek wtórny,ogółem,2016,6120,4855,255329,4964
343,MAŁOPOLSKIE,rynek wtórny,ogółem,2017,6416,5241,267513,5230
344,MAŁOPOLSKIE,rynek wtórny,ogółem,2018,6140,5256,280552,5393
345,MAŁOPOLSKIE,rynek wtórny,do 40 m2,2015,1976,5203,170043,5240
346,MAŁOPOLSKIE,rynek wtórny,do 40 m2,2016,1942,5193,169687,5222
347,MAŁOPOLSKIE,rynek wtórny,do 40 m2,2017,2037,5641,182749,5663
348,MAŁOPOLSKIE,rynek wtórny,do 40 m2,2018,1826,5946,192455,5999
349,MAŁOPOLSKIE,rynek wtórny,"od 40,1 do 60 m2",2015,2456,4667,237335,4760
350,MAŁOPOLSKIE,rynek wtórny,"od 40,1 do 60 m2",2016,2633,4605,238207,4824
351,MAŁOPOLSKIE,rynek wtórny,"od 40,1 do 60 m2",2017,2778,5103,253963,5157
352,MAŁOPOLSKIE,rynek wtórny,"od 40,1 do 60 m2",2018,2713,5127,260434,5271
353,MAŁOPOLSKIE,rynek wtórny,"od 60,1 do 80 m2",2015,1010,4733,324594,4798
354,MAŁOPOLSKIE,rynek wtórny,"od 60,1 do 80 m2",2016,1072,4472,319720,4723
355,MAŁOPOLSKIE,rynek wtórny,"od 60,1 do 80 m2",2017,1117,4836,342501,5070
356,MAŁOPOLSKIE,rynek wtórny,"od 60,1 do 80 m2",2018,1091,4773,336513,4994
357,MAŁOPOLSKIE,rynek wtórny,"od 80,1 m2",2015,409,4878,531166,5117
358,MAŁOPOLSKIE,rynek wtórny,"od 80,1 m2",2016,473,4911,556332,5360
359,MAŁOPOLSKIE,rynek wtórny,"od 80,1 m2",2017,484,5042,528970,5102
360,MAŁOPOLSKIE,rynek wtórny,"od 80,1 m2",2018,510,5062,583283,5586
361,MAZOWIECKIE,ogółem,ogółem,2015,30022,6584,377121,6654
362,MAZOWIECKIE,ogółem,ogółem,2016,33880,6651,377582,6721
363,MAZOWIECKIE,ogółem,ogółem,2017,34538,6901,381971,6864
364,MAZOWIECKIE,ogółem,ogółem,2018,34778,7007,412259,7250
365,MAZOWIECKIE,ogółem,do 40 m2,2015,7057,6800,221460,6645
366,MAZOWIECKIE,ogółem,do 40 m2,2016,7780,6897,223104,6674
367,MAZOWIECKIE,ogółem,do 40 m2,2017,8172,7174,230314,6879
368,MAZOWIECKIE,ogółem,do 40 m2,2018,8557,7585,244881,7404
369,MAZOWIECKIE,ogółem,"od 40,1 do 60 m2",2015,13458,6497,317148,6386
370,MAZOWIECKIE,ogółem,"od 40,1 do 60 m2",2016,15679,6605,321698,6525
371,MAZOWIECKIE,ogółem,"od 40,1 do 60 m2",2017,15640,6861,329094,6668
372,MAZOWIECKIE,ogółem,"od 40,1 do 60 m2",2018,14536,6782,336404,6783
373,MAZOWIECKIE,ogółem,"od 60,1 do 80 m2",2015,5943,6509,441736,6472
374,MAZOWIECKIE,ogółem,"od 60,1 do 80 m2",2016,6661,6548,445150,6532
375,MAZOWIECKIE,ogółem,"od 60,1 do 80 m2",2017,7073,6697,450871,6617
376,MAZOWIECKIE,ogółem,"od 60,1 do 80 m2",2018,7316,6754,473264,6921
377,MAZOWIECKIE,ogółem,"od 80,1 m2",2015,3564,6836,804060,7306
378,MAZOWIECKIE,ogółem,"od 80,1 m2",2016,3760,6811,810558,7317
379,MAZOWIECKIE,ogółem,"od 80,1 m2",2017,3653,6966,814223,7537
380,MAZOWIECKIE,ogółem,"od 80,1 m2",2018,4369,7336,890303,8219
381,MAZOWIECKIE,rynek pierwotny,ogółem,2015,14152,6625,398473,6754
382,MAZOWIECKIE,rynek pierwotny,ogółem,2016,16770,6713,387582,6749
383,MAZOWIECKIE,rynek pierwotny,ogółem,2017,15023,6837,390327,6807
384,MAZOWIECKIE,rynek pierwotny,ogółem,2018,12916,6434,414498,6862
385,MAZOWIECKIE,rynek pierwotny,do 40 m2,2015,2514,6849,233634,6793
386,MAZOWIECKIE,rynek pierwotny,do 40 m2,2016,3029,6923,232893,6799
387,MAZOWIECKIE,rynek pierwotny,do 40 m2,2017,2893,7037,234326,6867
388,MAZOWIECKIE,rynek pierwotny,do 40 m2,2018,2449,6978,238669,7084
389,MAZOWIECKIE,rynek pierwotny,"od 40,1 do 60 m2",2015,6611,6594,329215,6644
390,MAZOWIECKIE,rynek pierwotny,"od 40,1 do 60 m2",2016,8216,6802,332845,6782
391,MAZOWIECKIE,rynek pierwotny,"od 40,1 do 60 m2",2017,6929,6867,328103,6680
392,MAZOWIECKIE,rynek pierwotny,"od 40,1 do 60 m2",2018,5288,6313,320982,6439
393,MAZOWIECKIE,rynek pierwotny,"od 60,1 do 80 m2",2015,3164,6591,452873,6608
394,MAZOWIECKIE,rynek pierwotny,"od 60,1 do 80 m2",2016,3640,6585,454077,6658
395,MAZOWIECKIE,rynek pierwotny,"od 60,1 do 80 m2",2017,3505,6697,450711,6603
396,MAZOWIECKIE,rynek pierwotny,"od 60,1 do 80 m2",2018,3283,6352,452423,6575
397,MAZOWIECKIE,rynek pierwotny,"od 80,1 m2",2015,1863,6594,774290,7069
398,MAZOWIECKIE,rynek pierwotny,"od 80,1 m2",2016,1885,6365,746329,6769
399,MAZOWIECKIE,rynek pierwotny,"od 80,1 m2",2017,1696,6534,785853,7277
400,MAZOWIECKIE,rynek pierwotny,"od 80,1 m2",2018,1896,6588,836759,7621
401,MAZOWIECKIE,rynek wtórny,ogółem,2015,15870,6535,358080,6559
402,MAZOWIECKIE,rynek wtórny,ogółem,2016,17110,6593,367781,6691
403,MAZOWIECKIE,rynek wtórny,ogółem,2017,19515,6961,375539,6910
404,MAZOWIECKIE,rynek wtórny,ogółem,2018,21862,7356,410936,7503
405,MAZOWIECKIE,rynek wtórny,do 40 m2,2015,4543,6776,214723,6560
406,MAZOWIECKIE,rynek wtórny,do 40 m2,2016,4751,6889,216863,6592
407,MAZOWIECKIE,rynek wtórny,do 40 m2,2017,5279,7254,228115,6886
408,MAZOWIECKIE,rynek wtórny,do 40 m2,2018,6108,7886,247371,7535
409,MAZOWIECKIE,rynek wtórny,"od 40,1 do 60 m2",2015,6847,6327,305496,6138
410,MAZOWIECKIE,rynek wtórny,"od 40,1 do 60 m2",2016,7463,6474,309426,6245
411,MAZOWIECKIE,rynek wtórny,"od 40,1 do 60 m2",2017,8711,6858,329882,6658
412,MAZOWIECKIE,rynek wtórny,"od 40,1 do 60 m2",2018,9248,7087,345222,6981
413,MAZOWIECKIE,rynek wtórny,"od 60,1 do 80 m2",2015,2779,6385,429056,6316
414,MAZOWIECKIE,rynek wtórny,"od 60,1 do 80 m2",2016,3021,6446,434394,6380
415,MAZOWIECKIE,rynek wtórny,"od 60,1 do 80 m2",2017,3568,6697,451029,6630
416,MAZOWIECKIE,rynek wtórny,"od 60,1 do 80 m2",2018,4033,7019,490228,7206
417,MAZOWIECKIE,rynek wtórny,"od 80,1 m2",2015,1701,7135,836665,7563
418,MAZOWIECKIE,rynek wtórny,"od 80,1 m2",2016,1875,7309,875129,7863
419,MAZOWIECKIE,rynek wtórny,"od 80,1 m2",2017,1957,7324,838808,7763
420,MAZOWIECKIE,rynek wtórny,"od 80,1 m2",2018,2473,7857,931354,8688
421,OPOLSKIE,ogółem,ogółem,2015,2605,2620,148228,2768
422,OPOLSKIE,ogółem,ogółem,2016,2921,2635,148438,2741
423,OPOLSKIE,ogółem,ogółem,2017,3265,2708,154415,2814
424,OPOLSKIE,ogółem,ogółem,2018,3773,3061,169050,3118
425,OPOLSKIE,ogółem,do 40 m2,2015,589,2490,91267,2732
426,OPOLSKIE,ogółem,do 40 m2,2016,677,2643,96500,2911
427,OPOLSKIE,ogółem,do 40 m2,2017,662,2509,92155,2772
428,OPOLSKIE,ogółem,do 40 m2,2018,828,3027,109571,3320
429,OPOLSKIE,ogółem,"od 40,1 do 60 m2",2015,1212,2668,138612,2788
430,OPOLSKIE,ogółem,"od 40,1 do 60 m2",2016,1294,2684,137969,2771
431,OPOLSKIE,ogółem,"od 40,1 do 60 m2",2017,1495,2773,144269,2909
432,OPOLSKIE,ogółem,"od 40,1 do 60 m2",2018,1743,3086,157361,3167
433,OPOLSKIE,ogółem,"od 60,1 do 80 m2",2015,611,2769,190324,2843
434,OPOLSKIE,ogółem,"od 60,1 do 80 m2",2016,719,2698,190032,2834
435,OPOLSKIE,ogółem,"od 60,1 do 80 m2",2017,839,2967,200733,2989
436,OPOLSKIE,ogółem,"od 60,1 do 80 m2",2018,897,3317,220614,3263
437,OPOLSKIE,ogółem,"od 80,1 m2",2015,193,2326,249192,2574
438,OPOLSKIE,ogółem,"od 80,1 m2",2016,231,2144,229839,2300
439,OPOLSKIE,ogółem,"od 80,1 m2",2017,269,2123,219558,2212
440,OPOLSKIE,ogółem,"od 80,1 m2",2018,305,2287,245671,2497
441,OPOLSKIE,rynek pierwotny,ogółem,2015,415,4165,228492,4031
442,OPOLSKIE,rynek pierwotny,ogółem,2016,335,4202,226760,4023
443,OPOLSKIE,rynek pierwotny,ogółem,2017,444,4375,238088,4166
444,OPOLSKIE,rynek pierwotny,ogółem,2018,791,4392,241501,4296
445,OPOLSKIE,rynek pierwotny,do 40 m2,2015,38,3779,147504,3983
446,OPOLSKIE,rynek pierwotny,do 40 m2,2016,46,4500,150198,4246
447,OPOLSKIE,rynek pierwotny,do 40 m2,2017,50,3721,138268,3957
448,OPOLSKIE,rynek pierwotny,do 40 m2,2018,120,4503,157832,4462
449,OPOLSKIE,rynek pierwotny,"od 40,1 do 60 m2",2015,203,4180,194956,3985
450,OPOLSKIE,rynek pierwotny,"od 40,1 do 60 m2",2016,139,4205,198843,4075
451,OPOLSKIE,rynek pierwotny,"od 40,1 do 60 m2",2017,199,4442,212062,4300
452,OPOLSKIE,rynek pierwotny,"od 40,1 do 60 m2",2018,354,4278,208634,4228
453,OPOLSKIE,rynek pierwotny,"od 60,1 do 80 m2",2015,150,4201,269937,4119
454,OPOLSKIE,rynek pierwotny,"od 60,1 do 80 m2",2016,131,4114,265949,3999
455,OPOLSKIE,rynek pierwotny,"od 60,1 do 80 m2",2017,173,4376,283995,4250
456,OPOLSKIE,rynek pierwotny,"od 60,1 do 80 m2",2018,268,4497,300271,4449
457,OPOLSKIE,rynek pierwotny,"od 80,1 m2",2015,24,4016,381356,3882
458,OPOLSKIE,rynek pierwotny,"od 80,1 m2",2016,19,4171,346154,3739
459,OPOLSKIE,rynek pierwotny,"od 80,1 m2",2017,22,3320,339364,3314
460,OPOLSKIE,rynek pierwotny,"od 80,1 m2",2018,49,3741,362424,3802
461,OPOLSKIE,rynek wtórny,ogółem,2015,2190,2422,133019,2511
462,OPOLSKIE,rynek wtórny,ogółem,2016,2586,2480,138292,2567
463,OPOLSKIE,rynek wtórny,ogółem,2017,2821,2512,141246,2591
464,OPOLSKIE,rynek wtórny,ogółem,2018,2982,2645,149832,2790
465,OPOLSKIE,rynek wtórny,do 40 m2,2015,551,2368,87388,2636
466,OPOLSKIE,rynek wtórny,do 40 m2,2016,631,2556,92585,2807
467,OPOLSKIE,rynek wtórny,do 40 m2,2017,612,2392,88387,2670
468,OPOLSKIE,rynek wtórny,do 40 m2,2018,708,2756,101391,3110
469,OPOLSKIE,rynek wtórny,"od 40,1 do 60 m2",2015,1009,2485,127276,2552
470,OPOLSKIE,rynek wtórny,"od 40,1 do 60 m2",2016,1155,2552,130643,2618
471,OPOLSKIE,rynek wtórny,"od 40,1 do 60 m2",2017,1296,2587,133860,2697
472,OPOLSKIE,rynek wtórny,"od 40,1 do 60 m2",2018,1389,2719,144294,2899
473,OPOLSKIE,rynek wtórny,"od 60,1 do 80 m2",2015,461,2426,164419,2439
474,OPOLSKIE,rynek wtórny,"od 60,1 do 80 m2",2016,588,2433,173118,2577
475,OPOLSKIE,rynek wtórny,"od 60,1 do 80 m2",2017,666,2578,179104,2664
476,OPOLSKIE,rynek wtórny,"od 60,1 do 80 m2",2018,629,2596,186675,2759
477,OPOLSKIE,rynek wtórny,"od 80,1 m2",2015,169,2174,230423,2385
478,OPOLSKIE,rynek wtórny,"od 80,1 m2",2016,212,2021,219414,2181
479,OPOLSKIE,rynek wtórny,"od 80,1 m2",2017,247,1975,208887,2110
480,OPOLSKIE,rynek wtórny,"od 80,1 m2",2018,256,1989,223323,2257
481,PODKARPACKIE,ogółem,ogółem,2015,3647,3742,188060,3661
482,PODKARPACKIE,ogółem,ogółem,2016,2846,3301,168288,3323
483,PODKARPACKIE,ogółem,ogółem,2017,3379,3402,178464,3460
484,PODKARPACKIE,ogółem,ogółem,2018,5075,4112,204488,3942
485,PODKARPACKIE,ogółem,do 40 m2,2015,912,3807,128831,3844
486,PODKARPACKIE,ogółem,do 40 m2,2016,738,3272,114050,3452
487,PODKARPACKIE,ogółem,do 40 m2,2017,815,3235,115984,3475
488,PODKARPACKIE,ogółem,do 40 m2,2018,1242,4300,141378,4218
489,PODKARPACKIE,ogółem,"od 40,1 do 60 m2",2015,1862,4000,191498,3820
490,PODKARPACKIE,ogółem,"od 40,1 do 60 m2",2016,1489,3488,172408,3445
491,PODKARPACKIE,ogółem,"od 40,1 do 60 m2",2017,1743,3594,181079,3598
492,PODKARPACKIE,ogółem,"od 40,1 do 60 m2",2018,2433,4126,199100,3971
493,PODKARPACKIE,ogółem,"od 60,1 do 80 m2",2015,721,3368,231745,3453
494,PODKARPACKIE,ogółem,"od 60,1 do 80 m2",2016,509,3038,215446,3198
495,PODKARPACKIE,ogółem,"od 60,1 do 80 m2",2017,675,3350,224322,3364
496,PODKARPACKIE,ogółem,"od 60,1 do 80 m2",2018,1188,4017,256984,3855
497,PODKARPACKIE,ogółem,"od 80,1 m2",2015,152,2975,294109,2975
498,PODKARPACKIE,ogółem,"od 80,1 m2",2016,110,2494,258194,2595
499,PODKARPACKIE,ogółem,"od 80,1 m2",2017,146,2999,284001,2892
500,PODKARPACKIE,ogółem,"od 80,1 m2",2018,212,3702,341862,3541
501,PODKARPACKIE,rynek pierwotny,ogółem,2015,1460,4510,233343,4490
502,PODKARPACKIE,rynek pierwotny,ogółem,2016,744,4202,219270,4188
503,PODKARPACKIE,rynek pierwotny,ogółem,2017,1151,4416,225250,4231
504,PODKARPACKIE,rynek pierwotny,ogółem,2018,2072,4516,243375,4533
505,PODKARPACKIE,rynek pierwotny,do 40 m2,2015,294,4744,170936,4898
506,PODKARPACKIE,rynek pierwotny,do 40 m2,2016,138,4171,145803,4300
507,PODKARPACKIE,rynek pierwotny,do 40 m2,2017,219,4703,150533,4488
508,PODKARPACKIE,rynek pierwotny,do 40 m2,2018,409,5007,172529,5013
509,PODKARPACKIE,rynek pierwotny,"od 40,1 do 60 m2",2015,864,4523,229193,4538
510,PODKARPACKIE,rynek pierwotny,"od 40,1 do 60 m2",2016,450,4231,213881,4175
511,PODKARPACKIE,rynek pierwotny,"od 40,1 do 60 m2",2017,632,4411,216740,4248
512,PODKARPACKIE,rynek pierwotny,"od 40,1 do 60 m2",2018,1004,4506,231314,4567
513,PODKARPACKIE,rynek pierwotny,"od 60,1 do 80 m2",2015,257,4224,292249,4278
514,PODKARPACKIE,rynek pierwotny,"od 60,1 do 80 m2",2016,136,4262,287818,4215
515,PODKARPACKIE,rynek pierwotny,"od 60,1 do 80 m2",2017,248,4410,275789,4138
516,PODKARPACKIE,rynek pierwotny,"od 60,1 do 80 m2",2018,570,4331,289253,4348
517,PODKARPACKIE,rynek pierwotny,"od 80,1 m2",2015,45,3482,384327,3913
518,PODKARPACKIE,rynek pierwotny,"od 80,1 m2",2016,20,3769,381322,3937
519,PODKARPACKIE,rynek pierwotny,"od 80,1 m2",2017,52,4203,402313,4064
520,PODKARPACKIE,rynek pierwotny,"od 80,1 m2",2018,89,4158,411190,4360
521,PODKARPACKIE,rynek wtórny,ogółem,2015,2187,2887,157830,3097
522,PODKARPACKIE,rynek wtórny,ogółem,2016,2102,2851,150243,3002
523,PODKARPACKIE,rynek wtórny,ogółem,2017,2228,2903,154294,3042
524,PODKARPACKIE,rynek wtórny,ogółem,2018,3003,3390,177656,3509
525,PODKARPACKIE,rynek wtórny,do 40 m2,2015,618,2934,108800,3311
526,PODKARPACKIE,rynek wtórny,do 40 m2,2016,600,2980,106747,3251
527,PODKARPACKIE,rynek wtórny,do 40 m2,2017,596,2882,103289,3101
528,PODKARPACKIE,rynek wtórny,do 40 m2,2018,833,3462,126083,3812
529,PODKARPACKIE,rynek wtórny,"od 40,1 do 60 m2",2015,998,2925,158864,3189
530,PODKARPACKIE,rynek wtórny,"od 40,1 do 60 m2",2016,1039,2901,154446,3118
531,PODKARPACKIE,rynek wtórny,"od 40,1 do 60 m2",2017,1111,3006,160793,3220
532,PODKARPACKIE,rynek wtórny,"od 40,1 do 60 m2",2018,1429,3425,176468,3545
533,PODKARPACKIE,rynek wtórny,"od 60,1 do 80 m2",2015,464,2788,198234,2984
534,PODKARPACKIE,rynek wtórny,"od 60,1 do 80 m2",2016,373,2652,189059,2820
535,PODKARPACKIE,rynek wtórny,"od 60,1 do 80 m2",2017,427,2743,194430,2914
536,PODKARPACKIE,rynek wtórny,"od 60,1 do 80 m2",2018,618,3209,227221,3402
537,PODKARPACKIE,rynek wtórny,"od 80,1 m2",2015,107,2500,256167,2584
538,PODKARPACKIE,rynek wtórny,"od 80,1 m2",2016,90,2281,230832,2306
539,PODKARPACKIE,rynek wtórny,"od 80,1 m2",2017,94,2294,218552,2236
540,PODKARPACKIE,rynek wtórny,"od 80,1 m2",2018,123,2443,291699,2971
541,PODLASKIE,ogółem,ogółem,2015,3605,4044,197780,3920
542,PODLASKIE,ogółem,ogółem,2016,4148,4196,201817,3968
543,PODLASKIE,ogółem,ogółem,2017,4686,4179,208334,4069
544,PODLASKIE,ogółem,ogółem,2018,5083,4286,216141,4193
545,PODLASKIE,ogółem,do 40 m2,2015,945,4083,133503,3954
546,PODLASKIE,ogółem,do 40 m2,2016,988,4220,134070,3981
547,PODLASKIE,ogółem,do 40 m2,2017,1035,4110,133595,4001
548,PODLASKIE,ogółem,do 40 m2,2018,1115,4530,147802,4404
549,PODLASKIE,ogółem,"od 40,1 do 60 m2",2015,1872,4135,197441,3994
550,PODLASKIE,ogółem,"od 40,1 do 60 m2",2016,2235,4232,198981,4019
551,PODLASKIE,ogółem,"od 40,1 do 60 m2",2017,2511,4200,202080,4077
552,PODLASKIE,ogółem,"od 40,1 do 60 m2",2018,2628,4345,211113,4241
553,PODLASKIE,ogółem,"od 60,1 do 80 m2",2015,637,3873,251702,3794
554,PODLASKIE,ogółem,"od 60,1 do 80 m2",2016,761,4081,259555,3952
555,PODLASKIE,ogółem,"od 60,1 do 80 m2",2017,969,4217,271113,4074
556,PODLASKIE,ogółem,"od 60,1 do 80 m2",2018,1163,4036,265917,4039
557,PODLASKIE,ogółem,"od 80,1 m2",2015,151,3690,376776,3749
558,PODLASKIE,ogółem,"od 80,1 m2",2016,164,3760,380669,3666
559,PODLASKIE,ogółem,"od 80,1 m2",2017,171,4076,396791,4134
560,PODLASKIE,ogółem,"od 80,1 m2",2018,177,3993,394234,4054
561,PODLASKIE,rynek pierwotny,ogółem,2015,1686,4439,224254,4365
562,PODLASKIE,rynek pierwotny,ogółem,2016,2184,4388,226420,4338
563,PODLASKIE,rynek pierwotny,ogółem,2017,2408,4530,237308,4461
564,PODLASKIE,rynek pierwotny,ogółem,2018,2498,4437,235950,4406
565,PODLASKIE,rynek pierwotny,do 40 m2,2015,389,4637,153738,4495
566,PODLASKIE,rynek pierwotny,do 40 m2,2016,408,4388,154335,4462
567,PODLASKIE,rynek pierwotny,do 40 m2,2017,379,4578,152960,4436
568,PODLASKIE,rynek pierwotny,do 40 m2,2018,423,4703,159764,4656
569,PODLASKIE,rynek pierwotny,"od 40,1 do 60 m2",2015,932,4455,218223,4432
570,PODLASKIE,rynek pierwotny,"od 40,1 do 60 m2",2016,1283,4396,217294,4385
571,PODLASKIE,rynek pierwotny,"od 40,1 do 60 m2",2017,1365,4521,220253,4448
572,PODLASKIE,rynek pierwotny,"od 40,1 do 60 m2",2018,1327,4481,223790,4443
573,PODLASKIE,rynek pierwotny,"od 60,1 do 80 m2",2015,281,4247,285873,4289
574,PODLASKIE,rynek pierwotny,"od 60,1 do 80 m2",2016,400,4372,286039,4347
575,PODLASKIE,rynek pierwotny,"od 60,1 do 80 m2",2017,560,4521,300762,4482
576,PODLASKIE,rynek pierwotny,"od 60,1 do 80 m2",2018,649,4190,282643,4282
577,PODLASKIE,rynek pierwotny,"od 80,1 m2",2015,84,3944,411596,3978
578,PODLASKIE,rynek pierwotny,"od 80,1 m2",2016,93,3858,412144,3842
579,PODLASKIE,rynek pierwotny,"od 80,1 m2",2017,104,4786,426850,4497
580,PODLASKIE,rynek pierwotny,"od 80,1 m2",2018,99,4450,418389,4321
581,PODLASKIE,rynek wtórny,ogółem,2015,1919,3540,174521,3515
582,PODLASKIE,rynek wtórny,ogółem,2016,1964,3581,174457,3533
583,PODLASKIE,rynek wtórny,ogółem,2017,2278,3648,177707,3620
584,PODLASKIE,rynek wtórny,ogółem,2018,2585,4039,196998,3971
585,PODLASKIE,rynek wtórny,do 40 m2,2015,556,3684,119346,3567
586,PODLASKIE,rynek wtórny,do 40 m2,2016,580,3746,119814,3626
587,PODLASKIE,rynek wtórny,do 40 m2,2017,656,3846,122406,3737
588,PODLASKIE,rynek wtórny,do 40 m2,2018,692,4387,140490,4244
589,PODLASKIE,rynek wtórny,"od 40,1 do 60 m2",2015,940,3526,176837,3563
590,PODLASKIE,rynek wtórny,"od 40,1 do 60 m2",2016,952,3516,174302,3524
591,PODLASKIE,rynek wtórny,"od 40,1 do 60 m2",2017,1146,3629,180434,3635
592,PODLASKIE,rynek wtórny,"od 40,1 do 60 m2",2018,1301,4055,198183,4029
593,PODLASKIE,rynek wtórny,"od 60,1 do 80 m2",2015,356,3197,224730,3400
594,PODLASKIE,rynek wtórny,"od 60,1 do 80 m2",2016,361,3295,230210,3512
595,PODLASKIE,rynek wtórny,"od 60,1 do 80 m2",2017,409,3357,230518,3503
596,PODLASKIE,rynek wtórny,"od 60,1 do 80 m2",2018,514,3662,244799,3731
597,PODLASKIE,rynek wtórny,"od 80,1 m2",2015,67,3428,333122,3442
598,PODLASKIE,rynek wtórny,"od 80,1 m2",2016,71,3474,339441,3417
599,PODLASKIE,rynek wtórny,"od 80,1 m2",2017,67,3530,350132,3586
600,PODLASKIE,rynek wtórny,"od 80,1 m2",2018,78,3649,363576,3719
601,POMORSKIE,ogółem,ogółem,2015,15371,4586,261035,4862
602,POMORSKIE,ogółem,ogółem,2016,16582,4785,271972,5055
603,POMORSKIE,ogółem,ogółem,2017,19443,5018,304680,5521
604,POMORSKIE,ogółem,ogółem,2018,22406,5307,312657,5698
605,POMORSKIE,ogółem,do 40 m2,2015,3420,4571,156142,4728
606,POMORSKIE,ogółem,do 40 m2,2016,3869,4812,168843,5032
607,POMORSKIE,ogółem,do 40 m2,2017,4218,5087,187496,5616
608,POMORSKIE,ogółem,do 40 m2,2018,4877,5424,200875,5937
609,POMORSKIE,ogółem,"od 40,1 do 60 m2",2015,7491,4609,237312,4812
610,POMORSKIE,ogółem,"od 40,1 do 60 m2",2016,7896,4828,244511,4973
611,POMORSKIE,ogółem,"od 40,1 do 60 m2",2017,8962,5041,269209,5455
612,POMORSKIE,ogółem,"od 40,1 do 60 m2",2018,10376,5371,282475,5735
613,POMORSKIE,ogółem,"od 60,1 do 80 m2",2015,3258,4531,327477,4810
614,POMORSKIE,ogółem,"od 60,1 do 80 m2",2016,3452,4701,338032,4967
615,POMORSKIE,ogółem,"od 60,1 do 80 m2",2017,4408,4926,365281,5363
616,POMORSKIE,ogółem,"od 60,1 do 80 m2",2018,5143,5135,376990,5539
617,POMORSKIE,ogółem,"od 80,1 m2",2015,1202,4615,527231,5237
618,POMORSKIE,ogółem,"od 80,1 m2",2016,1365,4717,556069,5452
619,POMORSKIE,ogółem,"od 80,1 m2",2017,1855,4952,598509,5854
620,POMORSKIE,ogółem,"od 80,1 m2",2018,2010,5018,575077,5685
621,POMORSKIE,rynek pierwotny,ogółem,2015,7298,4976,296940,5421
622,POMORSKIE,rynek pierwotny,ogółem,2016,7858,5199,304154,5602
623,POMORSKIE,rynek pierwotny,ogółem,2017,9476,5340,343635,6132
624,POMORSKIE,rynek pierwotny,ogółem,2018,11811,5400,333724,6029
625,POMORSKIE,rynek pierwotny,do 40 m2,2015,1289,4783,178959,5201
626,POMORSKIE,rynek pierwotny,do 40 m2,2016,1636,5169,193396,5548
627,POMORSKIE,rynek pierwotny,do 40 m2,2017,1778,5273,213582,6201
628,POMORSKIE,rynek pierwotny,do 40 m2,2018,2357,5322,213662,6079
629,POMORSKIE,rynek pierwotny,"od 40,1 do 60 m2",2015,3796,5041,262806,5340
630,POMORSKIE,rynek pierwotny,"od 40,1 do 60 m2",2016,3896,5236,271531,5534
631,POMORSKIE,rynek pierwotny,"od 40,1 do 60 m2",2017,4500,5367,300602,6090
632,POMORSKIE,rynek pierwotny,"od 40,1 do 60 m2",2018,5533,5523,300830,6122
633,POMORSKIE,rynek pierwotny,"od 60,1 do 80 m2",2015,1650,4986,368581,5383
634,POMORSKIE,rynek pierwotny,"od 60,1 do 80 m2",2016,1707,5041,368478,5399
635,POMORSKIE,rynek pierwotny,"od 60,1 do 80 m2",2017,2329,5221,400348,5881
636,POMORSKIE,rynek pierwotny,"od 60,1 do 80 m2",2018,2907,5264,399036,5871
637,POMORSKIE,rynek pierwotny,"od 80,1 m2",2015,563,5094,587246,5949
638,POMORSKIE,rynek pierwotny,"od 80,1 m2",2016,619,5416,624824,6247
639,POMORSKIE,rynek pierwotny,"od 80,1 m2",2017,869,5682,680572,6637
640,POMORSKIE,rynek pierwotny,"od 80,1 m2",2018,1014,5390,605059,6043
641,POMORSKIE,rynek wtórny,ogółem,2015,8073,4167,228576,4337
642,POMORSKIE,rynek wtórny,ogółem,2016,8724,4231,242984,4553
643,POMORSKIE,rynek wtórny,ogółem,2017,9967,4614,267644,4922
644,POMORSKIE,rynek wtórny,ogółem,2018,10595,5168,289172,5323
645,POMORSKIE,rynek wtórny,do 40 m2,2015,2131,4324,142341,4422
646,POMORSKIE,rynek wtórny,do 40 m2,2016,2233,4350,150855,4628
647,POMORSKIE,rynek wtórny,do 40 m2,2017,2440,4923,168487,5166
648,POMORSKIE,rynek wtórny,do 40 m2,2018,2520,5606,188915,5795
649,POMORSKIE,rynek wtórny,"od 40,1 do 60 m2",2015,3695,4144,211121,4271
650,POMORSKIE,rynek wtórny,"od 40,1 do 60 m2",2016,4000,4176,218194,4428
651,POMORSKIE,rynek wtórny,"od 40,1 do 60 m2",2017,4462,4586,237548,4814
652,POMORSKIE,rynek wtórny,"od 40,1 do 60 m2",2018,4843,5191,261505,5295
653,POMORSKIE,rynek wtórny,"od 60,1 do 80 m2",2015,1608,4073,285300,4216
654,POMORSKIE,rynek wtórny,"od 60,1 do 80 m2",2016,1745,4250,308249,4542
655,POMORSKIE,rynek wtórny,"od 60,1 do 80 m2",2017,2079,4533,325996,4784
656,POMORSKIE,rynek wtórny,"od 60,1 do 80 m2",2018,2236,4891,348330,5109
657,POMORSKIE,rynek wtórny,"od 80,1 m2",2015,639,3964,474353,4633
658,POMORSKIE,rynek wtórny,"od 80,1 m2",2016,746,3955,499018,4816
659,POMORSKIE,rynek wtórny,"od 80,1 m2",2017,986,4325,526183,5159
660,POMORSKIE,rynek wtórny,"od 80,1 m2",2018,996,4711,544553,5328
661,ŚLĄSKIE,ogółem,ogółem,2015,12148,2605,143178,2736
662,ŚLĄSKIE,ogółem,ogółem,2016,13072,2615,145979,2778
663,ŚLĄSKIE,ogółem,ogółem,2017,15469,2757,154850,2937
664,ŚLĄSKIE,ogółem,ogółem,2018,17026,2937,163112,3096
665,ŚLĄSKIE,ogółem,do 40 m2,2015,3385,2507,87301,2594
666,ŚLĄSKIE,ogółem,do 40 m2,2016,3618,2461,85875,2562
667,ŚLĄSKIE,ogółem,do 40 m2,2017,4122,2565,92381,2743
668,ŚLĄSKIE,ogółem,do 40 m2,2018,4580,2805,99102,2951
669,ŚLĄSKIE,ogółem,"od 40,1 do 60 m2",2015,5462,2599,135466,2719
670,ŚLĄSKIE,ogółem,"od 40,1 do 60 m2",2016,5826,2621,136312,2746
671,ŚLĄSKIE,ogółem,"od 40,1 do 60 m2",2017,7043,2766,144891,2914
672,ŚLĄSKIE,ogółem,"od 40,1 do 60 m2",2018,7820,2935,153381,3090
673,ŚLĄSKIE,ogółem,"od 60,1 do 80 m2",2015,2462,2778,195544,2913
674,ŚLĄSKIE,ogółem,"od 60,1 do 80 m2",2016,2683,2870,202767,3014
675,ŚLĄSKIE,ogółem,"od 60,1 do 80 m2",2017,3242,3032,212567,3154
676,ŚLĄSKIE,ogółem,"od 60,1 do 80 m2",2018,3367,3122,219543,3261
677,ŚLĄSKIE,ogółem,"od 80,1 m2",2015,839,2535,265150,2638
678,ŚLĄSKIE,ogółem,"od 80,1 m2",2016,945,2594,274456,2705
679,ŚLĄSKIE,ogółem,"od 80,1 m2",2017,1062,2734,287167,2823
680,ŚLĄSKIE,ogółem,"od 80,1 m2",2018,1259,2969,305490,2996
681,ŚLĄSKIE,rynek pierwotny,ogółem,2015,1570,3850,214765,3706
682,ŚLĄSKIE,rynek pierwotny,ogółem,2016,1568,3790,227421,3855
683,ŚLĄSKIE,rynek pierwotny,ogółem,2017,2481,4096,240267,4138
684,ŚLĄSKIE,rynek pierwotny,ogółem,2018,2466,4239,242548,4207
685,ŚLĄSKIE,rynek pierwotny,do 40 m2,2015,277,4027,127359,3717
686,ŚLĄSKIE,rynek pierwotny,do 40 m2,2016,257,3318,120097,3566
687,ŚLĄSKIE,rynek pierwotny,do 40 m2,2017,407,3879,140445,4107
688,ŚLĄSKIE,rynek pierwotny,do 40 m2,2018,414,4051,132345,3912
689,ŚLĄSKIE,rynek pierwotny,"od 40,1 do 60 m2",2015,688,3944,186778,3692
690,ŚLĄSKIE,rynek pierwotny,"od 40,1 do 60 m2",2016,625,3970,200061,3981
691,ŚLĄSKIE,rynek pierwotny,"od 40,1 do 60 m2",2017,1037,4180,212340,4222
692,ŚLĄSKIE,rynek pierwotny,"od 40,1 do 60 m2",2018,1124,4310,213879,4272
693,ŚLĄSKIE,rynek pierwotny,"od 60,1 do 80 m2",2015,426,3677,260505,3796
694,ŚLĄSKIE,rynek pierwotny,"od 60,1 do 80 m2",2016,504,3952,274292,4008
695,ŚLĄSKIE,rynek pierwotny,"od 60,1 do 80 m2",2017,802,4139,285611,4169
696,ŚLĄSKIE,rynek pierwotny,"od 60,1 do 80 m2",2018,656,4219,293240,4260
697,ŚLĄSKIE,rynek pierwotny,"od 80,1 m2",2015,179,3353,348742,3574
698,ŚLĄSKIE,rynek pierwotny,"od 80,1 m2",2016,182,3236,343129,3481
699,ŚLĄSKIE,rynek pierwotny,"od 80,1 m2",2017,235,3777,381633,3895
700,ŚLĄSKIE,rynek pierwotny,"od 80,1 m2",2018,272,4124,406495,4136
701,ŚLĄSKIE,rynek wtórny,ogółem,2015,10578,2504,132553,2574
702,ŚLĄSKIE,rynek wtórny,ogółem,2016,11504,2512,134878,2611
703,ŚLĄSKIE,rynek wtórny,ogółem,2017,12988,2579,138534,2680
704,ŚLĄSKIE,rynek wtórny,ogółem,2018,14560,2770,149658,2887
705,ŚLĄSKIE,rynek wtórny,do 40 m2,2015,3108,2458,83731,2492
706,ŚLĄSKIE,rynek wtórny,do 40 m2,2016,3361,2410,83258,2485
707,ŚLĄSKIE,rynek wtórny,do 40 m2,2017,3715,2486,87115,2591
708,ŚLĄSKIE,rynek wtórny,do 40 m2,2018,4166,2732,95798,2855
709,ŚLĄSKIE,rynek wtórny,"od 40,1 do 60 m2",2015,4774,2521,128072,2576
710,ŚLĄSKIE,rynek wtórny,"od 40,1 do 60 m2",2016,5201,2538,128652,2596
711,ŚLĄSKIE,rynek wtórny,"od 40,1 do 60 m2",2017,6006,2615,133246,2686
712,ŚLĄSKIE,rynek wtórny,"od 40,1 do 60 m2",2018,6696,2785,143226,2890
713,ŚLĄSKIE,rynek wtórny,"od 60,1 do 80 m2",2015,2036,2596,181952,2724
714,ŚLĄSKIE,rynek wtórny,"od 60,1 do 80 m2",2016,2179,2634,186224,2779
715,ŚLĄSKIE,rynek wtórny,"od 60,1 do 80 m2",2017,2440,2689,188558,2813
716,ŚLĄSKIE,rynek wtórny,"od 60,1 do 80 m2",2018,2711,2865,201710,3013
717,ŚLĄSKIE,rynek wtórny,"od 80,1 m2",2015,660,2276,242479,2393
718,ŚLĄSKIE,rynek wtórny,"od 80,1 m2",2016,763,2327,258076,2527
719,ŚLĄSKIE,rynek wtórny,"od 80,1 m2",2017,827,2294,260324,2533
720,ŚLĄSKIE,rynek wtórny,"od 80,1 m2",2018,987,2573,277654,2697
721,ŚWIĘTOKRZYSKIE,ogółem,ogółem,2015,1955,3509,182293,3574
722,ŚWIĘTOKRZYSKIE,ogółem,ogółem,2016,2101,3287,173445,3472
723,ŚWIĘTOKRZYSKIE,ogółem,ogółem,2017,2075,3363,174317,3479
724,ŚWIĘTOKRZYSKIE,ogółem,ogółem,2018,2618,3749,190980,3775
725,ŚWIĘTOKRZYSKIE,ogółem,do 40 m2,2015,544,3165,110564,3313
726,ŚWIĘTOKRZYSKIE,ogółem,do 40 m2,2016,616,3147,108047,3253
727,ŚWIĘTOKRZYSKIE,ogółem,do 40 m2,2017,585,3270,110110,3323
728,ŚWIĘTOKRZYSKIE,ogółem,do 40 m2,2018,763,3696,120148,3626
729,ŚWIĘTOKRZYSKIE,ogółem,"od 40,1 do 60 m2",2015,971,3571,178766,3559
730,ŚWIĘTOKRZYSKIE,ogółem,"od 40,1 do 60 m2",2016,1030,3258,170365,3426
731,ŚWIĘTOKRZYSKIE,ogółem,"od 40,1 do 60 m2",2017,1045,3299,170787,3444
732,ŚWIĘTOKRZYSKIE,ogółem,"od 40,1 do 60 m2",2018,1237,3581,183032,3658
733,ŚWIĘTOKRZYSKIE,ogółem,"od 60,1 do 80 m2",2015,355,3973,253486,3764
734,ŚWIĘTOKRZYSKIE,ogółem,"od 60,1 do 80 m2",2016,381,3725,248643,3682
735,ŚWIĘTOKRZYSKIE,ogółem,"od 60,1 do 80 m2",2017,355,3779,249306,3693
736,ŚWIĘTOKRZYSKIE,ogółem,"od 60,1 do 80 m2",2018,507,4150,266016,3931
737,ŚWIĘTOKRZYSKIE,ogółem,"od 80,1 m2",2015,85,3795,384326,3680
738,ŚWIĘTOKRZYSKIE,ogółem,"od 80,1 m2",2016,74,3627,373541,3655
739,ŚWIĘTOKRZYSKIE,ogółem,"od 80,1 m2",2017,90,3493,336874,3452
740,ŚWIĘTOKRZYSKIE,ogółem,"od 80,1 m2",2018,111,4330,423715,4291
741,ŚWIĘTOKRZYSKIE,rynek pierwotny,ogółem,2015,645,4570,244359,4532
742,ŚWIĘTOKRZYSKIE,rynek pierwotny,ogółem,2016,689,4641,235676,4384
743,ŚWIĘTOKRZYSKIE,rynek pierwotny,ogółem,2017,506,4695,252049,4628
744,ŚWIĘTOKRZYSKIE,rynek pierwotny,ogółem,2018,795,4776,257516,4694
745,ŚWIĘTOKRZYSKIE,rynek pierwotny,do 40 m2,2015,114,4606,165343,4679
746,ŚWIĘTOKRZYSKIE,rynek pierwotny,do 40 m2,2016,148,4477,150619,4274
747,ŚWIĘTOKRZYSKIE,rynek pierwotny,do 40 m2,2017,89,4579,163414,4685
748,ŚWIĘTOKRZYSKIE,rynek pierwotny,do 40 m2,2018,180,4637,161329,4562
749,ŚWIĘTOKRZYSKIE,rynek pierwotny,"od 40,1 do 60 m2",2015,361,4545,232742,4540
750,ŚWIĘTOKRZYSKIE,rynek pierwotny,"od 40,1 do 60 m2",2016,354,4627,216912,4328
751,ŚWIĘTOKRZYSKIE,rynek pierwotny,"od 40,1 do 60 m2",2017,260,4729,232153,4691
752,ŚWIĘTOKRZYSKIE,rynek pierwotny,"od 40,1 do 60 m2",2018,359,4785,238919,4704
753,ŚWIĘTOKRZYSKIE,rynek pierwotny,"od 60,1 do 80 m2",2015,151,4558,302168,4443
754,ŚWIĘTOKRZYSKIE,rynek pierwotny,"od 60,1 do 80 m2",2016,149,4854,309692,4581
755,ŚWIĘTOKRZYSKIE,rynek pierwotny,"od 60,1 do 80 m2",2017,125,4757,319415,4738
756,ŚWIĘTOKRZYSKIE,rynek pierwotny,"od 60,1 do 80 m2",2018,203,4814,322337,4708
757,ŚWIĘTOKRZYSKIE,rynek pierwotny,"od 80,1 m2",2015,19,4596,479749,4615
758,ŚWIĘTOKRZYSKIE,rynek pierwotny,"od 80,1 m2",2016,38,4591,451527,4278
759,ŚWIĘTOKRZYSKIE,rynek pierwotny,"od 80,1 m2",2017,32,4242,397075,4021
760,ŚWIĘTOKRZYSKIE,rynek pierwotny,"od 80,1 m2",2018,53,4955,461882,4783
761,ŚWIĘTOKRZYSKIE,rynek wtórny,ogółem,2015,1310,2924,151734,3061
762,ŚWIĘTOKRZYSKIE,rynek wtórny,ogółem,2016,1412,2850,143078,2974
763,ŚWIĘTOKRZYSKIE,rynek wtórny,ogółem,2017,1569,2924,149249,3065
764,ŚWIĘTOKRZYSKIE,rynek wtórny,ogółem,2018,1823,3206,161964,3323
765,ŚWIĘTOKRZYSKIE,rynek wtórny,do 40 m2,2015,430,2907,96041,2924
766,ŚWIĘTOKRZYSKIE,rynek wtórny,do 40 m2,2016,468,2786,94584,2904
767,ŚWIĘTOKRZYSKIE,rynek wtórny,do 40 m2,2017,496,3039,100545,3063
768,ŚWIĘTOKRZYSKIE,rynek wtórny,do 40 m2,2018,583,3316,107433,3311
769,ŚWIĘTOKRZYSKIE,rynek wtórny,"od 40,1 do 60 m2",2015,610,2832,146822,2959
770,ŚWIĘTOKRZYSKIE,rynek wtórny,"od 40,1 do 60 m2",2016,676,2849,145989,2948
771,ŚWIĘTOKRZYSKIE,rynek wtórny,"od 40,1 do 60 m2",2017,785,2884,150461,3032
772,ŚWIĘTOKRZYSKIE,rynek wtórny,"od 40,1 do 60 m2",2018,878,3124,160181,3221
773,ŚWIĘTOKRZYSKIE,rynek wtórny,"od 60,1 do 80 m2",2015,204,3132,217453,3252
774,ŚWIĘTOKRZYSKIE,rynek wtórny,"od 60,1 do 80 m2",2016,232,2988,209434,3104
775,ŚWIĘTOKRZYSKIE,rynek wtórny,"od 60,1 do 80 m2",2017,230,2878,211203,3127
776,ŚWIĘTOKRZYSKIE,rynek wtórny,"od 60,1 do 80 m2",2018,304,3284,228406,3401
777,ŚWIĘTOKRZYSKIE,rynek wtórny,"od 80,1 m2",2015,66,3475,356856,3412
778,ŚWIĘTOKRZYSKIE,rynek wtórny,"od 80,1 m2",2016,36,2775,291223,2952
779,ŚWIĘTOKRZYSKIE,rynek wtórny,"od 80,1 m2",2017,58,3237,303660,3133
780,ŚWIĘTOKRZYSKIE,rynek wtórny,"od 80,1 m2",2018,58,3912,388838,3860
781,WARMIŃSKO-MAZURSKIE,ogółem,ogółem,2015,6149,3137,162076,3181
782,WARMIŃSKO-MAZURSKIE,ogółem,ogółem,2016,6277,3100,159181,3111
783,WARMIŃSKO-MAZURSKIE,ogółem,ogółem,2017,7849,3288,172777,3327
784,WARMIŃSKO-MAZURSKIE,ogółem,ogółem,2018,8613,3506,184643,3515
785,WARMIŃSKO-MAZURSKIE,ogółem,do 40 m2,2015,1551,2980,101899,3047
786,WARMIŃSKO-MAZURSKIE,ogółem,do 40 m2,2016,1658,3000,102278,3079
787,WARMIŃSKO-MAZURSKIE,ogółem,do 40 m2,2017,1924,3207,109037,3258
788,WARMIŃSKO-MAZURSKIE,ogółem,do 40 m2,2018,2148,3468,117515,3488
789,WARMIŃSKO-MAZURSKIE,ogółem,"od 40,1 do 60 m2",2015,3147,3235,160873,3263
790,WARMIŃSKO-MAZURSKIE,ogółem,"od 40,1 do 60 m2",2016,3045,3192,158907,3209
791,WARMIŃSKO-MAZURSKIE,ogółem,"od 40,1 do 60 m2",2017,3900,3361,167685,3373
792,WARMIŃSKO-MAZURSKIE,ogółem,"od 40,1 do 60 m2",2018,4143,3558,177813,3561
793,WARMIŃSKO-MAZURSKIE,ogółem,"od 60,1 do 80 m2",2015,1163,3003,207724,3100
794,WARMIŃSKO-MAZURSKIE,ogółem,"od 60,1 do 80 m2",2016,1281,3022,206883,3080
795,WARMIŃSKO-MAZURSKIE,ogółem,"od 60,1 do 80 m2",2017,1599,3300,224464,3356
796,WARMIŃSKO-MAZURSKIE,ogółem,"od 60,1 do 80 m2",2018,1771,3525,235190,3509
797,WARMIŃSKO-MAZURSKIE,ogółem,"od 80,1 m2",2015,288,3018,314967,3203
798,WARMIŃSKO-MAZURSKIE,ogółem,"od 80,1 m2",2016,293,2686,275480,2754
799,WARMIŃSKO-MAZURSKIE,ogółem,"od 80,1 m2",2017,426,3114,313266,3150
800,WARMIŃSKO-MAZURSKIE,ogółem,"od 80,1 m2",2018,551,3338,335212,3387
801,WARMIŃSKO-MAZURSKIE,rynek pierwotny,ogółem,2015,1821,3997,216118,4070
802,WARMIŃSKO-MAZURSKIE,rynek pierwotny,ogółem,2016,1611,3896,207183,3905
803,WARMIŃSKO-MAZURSKIE,rynek pierwotny,ogółem,2017,2317,4195,228959,4204
804,WARMIŃSKO-MAZURSKIE,rynek pierwotny,ogółem,2018,2800,4019,236090,4243
805,WARMIŃSKO-MAZURSKIE,rynek pierwotny,do 40 m2,2015,264,3596,135916,3840
806,WARMIŃSKO-MAZURSKIE,rynek pierwotny,do 40 m2,2016,267,3705,130844,3742
807,WARMIŃSKO-MAZURSKIE,rynek pierwotny,do 40 m2,2017,364,4147,144731,4054
808,WARMIŃSKO-MAZURSKIE,rynek pierwotny,do 40 m2,2018,483,3978,149071,4118
809,WARMIŃSKO-MAZURSKIE,rynek pierwotny,"od 40,1 do 60 m2",2015,1135,4037,200272,4054
810,WARMIŃSKO-MAZURSKIE,rynek pierwotny,"od 40,1 do 60 m2",2016,907,3931,193216,3878
811,WARMIŃSKO-MAZURSKIE,rynek pierwotny,"od 40,1 do 60 m2",2017,1277,4142,206386,4113
812,WARMIŃSKO-MAZURSKIE,rynek pierwotny,"od 40,1 do 60 m2",2018,1438,4040,215490,4221
813,WARMIŃSKO-MAZURSKIE,rynek pierwotny,"od 60,1 do 80 m2",2015,322,3988,271124,4028
814,WARMIŃSKO-MAZURSKIE,rynek pierwotny,"od 60,1 do 80 m2",2016,375,3825,264098,3924
815,WARMIŃSKO-MAZURSKIE,rynek pierwotny,"od 60,1 do 80 m2",2017,552,4462,292456,4373
816,WARMIŃSKO-MAZURSKIE,rynek pierwotny,"od 60,1 do 80 m2",2018,687,4102,284110,4240
817,WARMIŃSKO-MAZURSKIE,rynek pierwotny,"od 80,1 m2",2015,100,4177,430593,4485
818,WARMIŃSKO-MAZURSKIE,rynek pierwotny,"od 80,1 m2",2016,62,4046,396006,4306
819,WARMIŃSKO-MAZURSKIE,rynek pierwotny,"od 80,1 m2",2017,124,4202,426015,4332
820,WARMIŃSKO-MAZURSKIE,rynek pierwotny,"od 80,1 m2",2018,192,4012,437465,4451
821,WARMIŃSKO-MAZURSKIE,rynek wtórny,ogółem,2015,4328,2768,139338,2784
822,WARMIŃSKO-MAZURSKIE,rynek wtórny,ogółem,2016,4666,2807,142608,2823
823,WARMIŃSKO-MAZURSKIE,rynek wtórny,ogółem,2017,5532,2938,149246,2933
824,WARMIŃSKO-MAZURSKIE,rynek wtórny,ogółem,2018,5813,3094,159862,3132
825,WARMIŃSKO-MAZURSKIE,rynek wtórny,do 40 m2,2015,1287,2796,94921,2872
826,WARMIŃSKO-MAZURSKIE,rynek wtórny,do 40 m2,2016,1391,2827,96795,2944
827,WARMIŃSKO-MAZURSKIE,rynek wtórny,do 40 m2,2017,1560,3011,100708,3056
828,WARMIŃSKO-MAZURSKIE,rynek wtórny,do 40 m2,2018,1665,3201,108361,3288
829,WARMIŃSKO-MAZURSKIE,rynek wtórny,"od 40,1 do 60 m2",2015,2012,2801,138647,2816
830,WARMIŃSKO-MAZURSKIE,rynek wtórny,"od 40,1 do 60 m2",2016,2138,2888,144352,2923
831,WARMIŃSKO-MAZURSKIE,rynek wtórny,"od 40,1 do 60 m2",2017,2623,2982,148844,3007
832,WARMIŃSKO-MAZURSKIE,rynek wtórny,"od 40,1 do 60 m2",2018,2705,3139,157784,3198
833,WARMIŃSKO-MAZURSKIE,rynek wtórny,"od 60,1 do 80 m2",2015,841,2680,183450,2742
834,WARMIŃSKO-MAZURSKIE,rynek wtórny,"od 60,1 do 80 m2",2016,906,2602,183201,2730
835,WARMIŃSKO-MAZURSKIE,rynek wtórny,"od 60,1 do 80 m2",2017,1047,2769,188617,2820
836,WARMIŃSKO-MAZURSKIE,rynek wtórny,"od 60,1 do 80 m2",2018,1084,2977,204187,3046
837,WARMIŃSKO-MAZURSKIE,rynek wtórny,"od 80,1 m2",2015,188,2319,253464,2546
838,WARMIŃSKO-MAZURSKIE,rynek wtórny,"od 80,1 m2",2016,231,2217,243131,2379
839,WARMIŃSKO-MAZURSKIE,rynek wtórny,"od 80,1 m2",2017,302,2680,266972,2672
840,WARMIŃSKO-MAZURSKIE,rynek wtórny,"od 80,1 m2",2018,359,2688,280525,2824
841,WIELKOPOLSKIE,ogółem,ogółem,2015,12401,4171,231585,4208
842,WIELKOPOLSKIE,ogółem,ogółem,2016,13122,4149,232226,4256
843,WIELKOPOLSKIE,ogółem,ogółem,2017,14281,4187,235694,4346
844,WIELKOPOLSKIE,ogółem,ogółem,2018,18494,4370,256965,4550
845,WIELKOPOLSKIE,ogółem,do 40 m2,2015,2663,4872,153510,4618
846,WIELKOPOLSKIE,ogółem,do 40 m2,2016,2871,4747,154742,4629
847,WIELKOPOLSKIE,ogółem,do 40 m2,2017,3182,4784,161429,4830
848,WIELKOPOLSKIE,ogółem,do 40 m2,2018,3689,4987,171472,5055
849,WIELKOPOLSKIE,ogółem,"od 40,1 do 60 m2",2015,5911,4242,217134,4355
850,WIELKOPOLSKIE,ogółem,"od 40,1 do 60 m2",2016,6315,4219,218087,4395
851,WIELKOPOLSKIE,ogółem,"od 40,1 do 60 m2",2017,6856,4241,221797,4491
852,WIELKOPOLSKIE,ogółem,"od 40,1 do 60 m2",2018,8375,4500,235307,4741
853,WIELKOPOLSKIE,ogółem,"od 60,1 do 80 m2",2015,2670,3968,279072,4106
854,WIELKOPOLSKIE,ogółem,"od 60,1 do 80 m2",2016,2811,4038,280282,4135
855,WIELKOPOLSKIE,ogółem,"od 60,1 do 80 m2",2017,3069,3922,281603,4154
856,WIELKOPOLSKIE,ogółem,"od 60,1 do 80 m2",2018,4457,4210,300088,4398
857,WIELKOPOLSKIE,ogółem,"od 80,1 m2",2015,1157,3611,375526,3688
858,WIELKOPOLSKIE,ogółem,"od 80,1 m2",2016,1125,3600,389257,3771
859,WIELKOPOLSKIE,ogółem,"od 80,1 m2",2017,1174,3624,398126,3849
860,WIELKOPOLSKIE,ogółem,"od 80,1 m2",2018,1973,3865,411327,4066
861,WIELKOPOLSKIE,rynek pierwotny,ogółem,2015,5431,5271,274368,5030
862,WIELKOPOLSKIE,rynek pierwotny,ogółem,2016,6041,5044,268702,4966
863,WIELKOPOLSKIE,rynek pierwotny,ogółem,2017,6776,4896,268328,5017
864,WIELKOPOLSKIE,rynek pierwotny,ogółem,2018,10215,4665,282212,4982
865,WIELKOPOLSKIE,rynek pierwotny,do 40 m2,2015,1124,5615,183669,5480
866,WIELKOPOLSKIE,rynek pierwotny,do 40 m2,2016,1220,5576,179231,5333
867,WIELKOPOLSKIE,rynek pierwotny,do 40 m2,2017,1407,5789,187106,5472
868,WIELKOPOLSKIE,rynek pierwotny,do 40 m2,2018,1793,5809,192894,5561
869,WIELKOPOLSKIE,rynek pierwotny,"od 40,1 do 60 m2",2015,2647,5494,258306,5204
870,WIELKOPOLSKIE,rynek pierwotny,"od 40,1 do 60 m2",2016,3052,5168,250591,5077
871,WIELKOPOLSKIE,rynek pierwotny,"od 40,1 do 60 m2",2017,3465,5163,250935,5120
872,WIELKOPOLSKIE,rynek pierwotny,"od 40,1 do 60 m2",2018,4832,4990,254576,5147
873,WIELKOPOLSKIE,rynek pierwotny,"od 60,1 do 80 m2",2015,1216,4472,329490,4821
874,WIELKOPOLSKIE,rynek pierwotny,"od 60,1 do 80 m2",2016,1323,4486,327759,4821
875,WIELKOPOLSKIE,rynek pierwotny,"od 60,1 do 80 m2",2017,1472,4289,322296,4725
876,WIELKOPOLSKIE,rynek pierwotny,"od 60,1 do 80 m2",2018,2586,4424,328039,4789
877,WIELKOPOLSKIE,rynek pierwotny,"od 80,1 m2",2015,444,4070,448760,4522
878,WIELKOPOLSKIE,rynek pierwotny,"od 80,1 m2",2016,446,3936,462196,4553
879,WIELKOPOLSKIE,rynek pierwotny,"od 80,1 m2",2017,432,4267,488475,4789
880,WIELKOPOLSKIE,rynek pierwotny,"od 80,1 m2",2018,1004,4123,456691,4567
881,WIELKOPOLSKIE,rynek wtórny,ogółem,2015,6970,3453,198249,3577
882,WIELKOPOLSKIE,rynek wtórny,ogółem,2016,7081,3515,201107,3659
883,WIELKOPOLSKIE,rynek wtórny,ogółem,2017,7505,3511,206230,3756
884,WIELKOPOLSKIE,rynek wtórny,ogółem,2018,8279,3889,225813,4013
885,WIELKOPOLSKIE,rynek wtórny,do 40 m2,2015,1539,3833,131483,3979
886,WIELKOPOLSKIE,rynek wtórny,do 40 m2,2016,1651,3835,136645,4104
887,WIELKOPOLSKIE,rynek wtórny,do 40 m2,2017,1775,3841,141075,4299
888,WIELKOPOLSKIE,rynek wtórny,do 40 m2,2018,1896,4222,151214,4554
889,WIELKOPOLSKIE,rynek wtórny,"od 40,1 do 60 m2",2015,3264,3453,183745,3672
890,WIELKOPOLSKIE,rynek wtórny,"od 40,1 do 60 m2",2016,3263,3534,187685,3763
891,WIELKOPOLSKIE,rynek wtórny,"od 40,1 do 60 m2",2017,3391,3560,192024,3858
892,WIELKOPOLSKIE,rynek wtórny,"od 40,1 do 60 m2",2018,3543,4000,209029,4192
893,WIELKOPOLSKIE,rynek wtórny,"od 60,1 do 80 m2",2015,1454,3393,236907,3502
894,WIELKOPOLSKIE,rynek wtórny,"od 60,1 do 80 m2",2016,1488,3435,238070,3522
895,WIELKOPOLSKIE,rynek wtórny,"od 60,1 do 80 m2",2017,1597,3350,244095,3622
896,WIELKOPOLSKIE,rynek wtórny,"od 60,1 do 80 m2",2018,1871,3676,261456,3851
897,WIELKOPOLSKIE,rynek wtórny,"od 80,1 m2",2015,713,3095,329922,3190
898,WIELKOPOLSKIE,rynek wtórny,"od 80,1 m2",2016,679,3228,341347,3271
899,WIELKOPOLSKIE,rynek wtórny,"od 80,1 m2",2017,742,3181,345524,3313
900,WIELKOPOLSKIE,rynek wtórny,"od 80,1 m2",2018,969,3479,364324,3558
901,ZACHODNIOPOMORSKIE,ogółem,ogółem,2015,7451,3491,186900,3493
902,ZACHODNIOPOMORSKIE,ogółem,ogółem,2016,9188,3774,199147,3710
903,ZACHODNIOPOMORSKIE,ogółem,ogółem,2017,10035,3880,206892,3851
904,ZACHODNIOPOMORSKIE,ogółem,ogółem,2018,11678,4330,233181,4358
905,ZACHODNIOPOMORSKIE,ogółem,do 40 m2,2015,1883,3783,121614,3761
906,ZACHODNIOPOMORSKIE,ogółem,do 40 m2,2016,2201,3954,128575,3974
907,ZACHODNIOPOMORSKIE,ogółem,do 40 m2,2017,2430,4159,135022,4168
908,ZACHODNIOPOMORSKIE,ogółem,do 40 m2,2018,3100,4795,166395,5063
909,ZACHODNIOPOMORSKIE,ogółem,"od 40,1 do 60 m2",2015,3430,3447,176797,3569
910,ZACHODNIOPOMORSKIE,ogółem,"od 40,1 do 60 m2",2016,4300,3808,187573,3801
911,ZACHODNIOPOMORSKIE,ogółem,"od 40,1 do 60 m2",2017,4648,3930,197918,3995
912,ZACHODNIOPOMORSKIE,ogółem,"od 40,1 do 60 m2",2018,5122,4324,219411,4450
913,ZACHODNIOPOMORSKIE,ogółem,"od 60,1 do 80 m2",2015,1478,3320,227025,3330
914,ZACHODNIOPOMORSKIE,ogółem,"od 60,1 do 80 m2",2016,1921,3553,244973,3572
915,ZACHODNIOPOMORSKIE,ogółem,"od 60,1 do 80 m2",2017,2095,3659,253906,3707
916,ZACHODNIOPOMORSKIE,ogółem,"od 60,1 do 80 m2",2018,2426,3935,270962,3976
917,ZACHODNIOPOMORSKIE,ogółem,"od 80,1 m2",2015,660,3178,335809,3301
918,ZACHODNIOPOMORSKIE,ogółem,"od 80,1 m2",2016,766,3277,351976,3454
919,ZACHODNIOPOMORSKIE,ogółem,"od 80,1 m2",2017,862,3234,343624,3417
920,ZACHODNIOPOMORSKIE,ogółem,"od 80,1 m2",2018,1030,3758,413676,4055
921,ZACHODNIOPOMORSKIE,rynek pierwotny,ogółem,2015,1669,4652,259181,4748
922,ZACHODNIOPOMORSKIE,rynek pierwotny,ogółem,2016,2466,4672,267610,4950
923,ZACHODNIOPOMORSKIE,rynek pierwotny,ogółem,2017,2841,4829,268899,5007
924,ZACHODNIOPOMORSKIE,rynek pierwotny,ogółem,2018,4137,5237,303942,5857
925,ZACHODNIOPOMORSKIE,rynek pierwotny,do 40 m2,2015,389,4765,160119,4901
926,ZACHODNIOPOMORSKIE,rynek pierwotny,do 40 m2,2016,492,4598,170289,5134
927,ZACHODNIOPOMORSKIE,rynek pierwotny,do 40 m2,2017,653,4901,163316,4995
928,ZACHODNIOPOMORSKIE,rynek pierwotny,do 40 m2,2018,1224,5540,215332,6422
929,ZACHODNIOPOMORSKIE,rynek pierwotny,"od 40,1 do 60 m2",2015,772,4714,243653,4937
930,ZACHODNIOPOMORSKIE,rynek pierwotny,"od 40,1 do 60 m2",2016,1253,4610,239090,4919
931,ZACHODNIOPOMORSKIE,rynek pierwotny,"od 40,1 do 60 m2",2017,1352,4864,252134,5120
932,ZACHODNIOPOMORSKIE,rynek pierwotny,"od 40,1 do 60 m2",2018,1788,5153,286566,5911
933,ZACHODNIOPOMORSKIE,rynek pierwotny,"od 60,1 do 80 m2",2015,343,4517,309995,4572
934,ZACHODNIOPOMORSKIE,rynek pierwotny,"od 60,1 do 80 m2",2016,524,4860,336960,4859
935,ZACHODNIOPOMORSKIE,rynek pierwotny,"od 60,1 do 80 m2",2017,620,4813,346191,5051
936,ZACHODNIOPOMORSKIE,rynek pierwotny,"od 60,1 do 80 m2",2018,802,5032,362133,5307
937,ZACHODNIOPOMORSKIE,rynek pierwotny,"od 80,1 m2",2015,165,4568,459743,4450
938,ZACHODNIOPOMORSKIE,rynek pierwotny,"od 80,1 m2",2016,197,4618,507603,5064
939,ZACHODNIOPOMORSKIE,rynek pierwotny,"od 80,1 m2",2017,216,4507,471167,4596
940,ZACHODNIOPOMORSKIE,rynek pierwotny,"od 80,1 m2",2018,323,5005,591430,5926
941,ZACHODNIOPOMORSKIE,rynek wtórny,ogółem,2015,5782,3113,166035,3121
942,ZACHODNIOPOMORSKIE,rynek wtórny,ogółem,2016,6722,3200,174031,3250
943,ZACHODNIOPOMORSKIE,rynek wtórny,ogółem,2017,7194,3366,182405,3394
944,ZACHODNIOPOMORSKIE,rynek wtórny,ogółem,2018,7541,3502,194361,3574
945,ZACHODNIOPOMORSKIE,rynek wtórny,do 40 m2,2015,1494,3477,111588,3460
946,ZACHODNIOPOMORSKIE,rynek wtórny,do 40 m2,2016,1709,3571,116565,3629
947,ZACHODNIOPOMORSKIE,rynek wtórny,do 40 m2,2017,1777,3707,124624,3861
948,ZACHODNIOPOMORSKIE,rynek wtórny,do 40 m2,2018,1876,3971,134466,4146
949,ZACHODNIOPOMORSKIE,rynek wtórny,"od 40,1 do 60 m2",2015,2658,3100,157379,3173
950,ZACHODNIOPOMORSKIE,rynek wtórny,"od 40,1 do 60 m2",2016,3047,3214,166388,3351
951,ZACHODNIOPOMORSKIE,rynek wtórny,"od 40,1 do 60 m2",2017,3296,3430,175679,3537
952,ZACHODNIOPOMORSKIE,rynek wtórny,"od 40,1 do 60 m2",2018,3334,3542,183396,3686
953,ZACHODNIOPOMORSKIE,rynek wtórny,"od 60,1 do 80 m2",2015,1135,2915,201951,2957
954,ZACHODNIOPOMORSKIE,rynek wtórny,"od 60,1 do 80 m2",2016,1397,2970,210470,3082
955,ZACHODNIOPOMORSKIE,rynek wtórny,"od 60,1 do 80 m2",2017,1475,3028,215114,3141
956,ZACHODNIOPOMORSKIE,rynek wtórny,"od 60,1 do 80 m2",2018,1624,3177,225938,3318
957,ZACHODNIOPOMORSKIE,rynek wtórny,"od 80,1 m2",2015,495,2696,294497,2910
958,ZACHODNIOPOMORSKIE,rynek wtórny,"od 80,1 m2",2016,569,2746,298095,2909
959,ZACHODNIOPOMORSKIE,rynek wtórny,"od 80,1 m2",2017,646,2908,300978,3012
960,ZACHODNIOPOMORSKIE,rynek wtórny,"od 80,1 m2",2018,707,3125,332467,3227
